account_id,cluster_id,n_shared_resources,within_cluster_degree,within_cluster_edge_weight_sum,creation_date_centrality,order_amount_centrality,account_risk_score
ACC89afb2ab39,0,4,29,3.708495670995671,1.0,0.7655005105023868,0.9364
ACC87b4a2aff4,0,4,27,3.570995670995671,1.0,0.9616441449303186,0.9284
ACC3d034b5c0f,0,4,27,3.6995670995670995,0.896551724137931,0.9877664866091297,0.926
ACCfb61c70378,0,4,27,3.6995670995670995,0.896551724137931,0.7915181337428989,0.8867
ACCeb6ed94cd3,0,4,26,3.5799242424242426,0.9827586206896551,0.6599508695993648,0.8488
ACC4e9ea86eaf,0,4,27,3.6995670995670995,0.9310344827586207,0.5270397188309932,0.8407
ACC1bfbb3d8e4,0,4,27,3.6890151515151515,0.896551724137931,0.5218894260556928,0.8317
ACC07494fe561,0,4,24,3.5802197802197804,0.9137931034482758,0.7412385573289817,0.818
ACC9136501bb7,0,4,27,3.6890151515151515,0.31034482758620685,0.8430052446484515,0.7787
ACC080eba538c,0,3,30,2.7891483516483517,0.9655172413793104,0.8151926819264702,0.7629
ACC0925a04aa4,0,4,26,3.6893106893106893,0.9655172413793104,0.13731532467079133,0.752
ACCf8431b86e0,0,4,23,3.4468864468864466,0.9482758620689655,0.4429131796881136,0.735
ACC19bf8af40d,0,3,26,2.770995670995671,0.9827586206896551,0.9775400766189908,0.7303
ACCe28acb25f2,0,3,24,2.7799242424242423,0.9310344827586207,0.9639954011152514,0.6848
ACC36721f28f5,0,3,24,2.760739260739261,0.9655172413793104,0.9218778633947973,0.6813
ACC57fecdfacf,0,4,25,3.4465909090909093,0.12068965517241381,0.7782597977188834,0.6699
ACC04a94df1c7,0,3,23,2.760739260739261,0.9827586206896551,0.8951986596039898,0.6628
ACCa8c3b0953e,0,3,30,2.7891483516483517,0.48275862068965514,0.7630232649463755,0.6559
ACC3026f86dc3,0,3,25,2.769667832167832,0.9655172413793104,0.6821969928355136,0.6509
ACC6013da860a,0,3,23,2.766233766233766,0.9655172413793104,0.839701705165237,0.6488
ACC7e045d56da,0,3,23,2.52724358974359,0.9137931034482758,0.9577057499149163,0.6378
ACC305223daf6,0,3,21,2.346590909090909,1.0,0.9673518452261481,0.6053
ACCd0ee93666e,0,3,22,2.78021978021978,0.9827586206896551,0.6233714101210371,0.5937
ACC2f2d984a82,0,3,20,2.6516483516483516,0.9137931034482758,0.8676271674535094,0.5824
ACC372387b4c0,0,3,21,2.346590909090909,0.9827586206896551,0.788244046320456,0.566
ACC7a63fbe009,0,3,25,2.769667832167832,0.18965517241379315,0.853179295419441,0.53
ACC6ea62a1253,0,2,23,1.8708333333333331,0.9827586206896551,0.8983096698751233,0.4731
ACCed568c5e38,0,2,18,1.7375,0.9137931034482758,0.8916267791226341,0.3611
ACCf6e85e97e6,0,2,21,1.861904761904762,1.0,0.42552010157688513,0.3477
ACCf778a46fdd,0,2,18,1.8516483516483517,0.4137931034482759,0.9326682258078591,0.2809
ACC77677f1d76,0,2,21,1.861904761904762,0.22413793103448276,0.7025641836761407,0.248
ACC14cff8cc7e,0,2,18,1.8465909090909092,0.1724137931034483,0.6820595498852461,0.182
ACC5dbaaf4795,0,2,21,1.861904761904762,0.0,0.0,0.0626
ACC17c120a0a0,1,4,24,3.507142857142857,1.0,0.9257879058118134,0.9832
ACC5117b66ac5,1,4,20,3.4805555555555556,0.9931740614334471,0.9769311044912053,0.932
ACC4072ceba23,1,4,22,3.325,1.0,0.8960514581712616,0.9288
ACC0eee063bfc,1,4,19,3.4821428571428568,1.0,0.9602223782327381,0.9159
ACCacc5d0788a,1,4,20,3.4805555555555556,0.9965870307167235,0.8693433011403526,0.9112
ACC93f4002b3b,1,4,21,3.525,0.9965870307167235,0.7143236627895945,0.8993
ACC8e2e892e85,1,4,19,3.458333333333333,0.9965870307167235,0.8065802705728328,0.8819
ACCa98e879c83,1,4,17,3.375,0.9931740614334471,0.9928808606720679,0.8809
ACCb7cb47302e,1,4,20,3.371031746031746,0.9965870307167235,0.7423676071570879,0.8739
ACC511eb1db2f,1,4,18,3.4126984126984126,0.9897610921501706,0.794956643834317,0.859
ACCa10715b9e2,1,4,19,3.4305555555555554,0.9965870307167235,0.6948788494013625,0.8566
ACCef9a32bd3d,1,4,22,3.4805555555555556,0.5085324232081911,0.9239663776255622,0.8531
ACCfd6d733be2,1,4,19,3.425,0.9897610921501706,0.6079767755156255,0.8372
ACCcc913c48d2,1,4,19,3.4722222222222223,0.21843003412969286,0.6617308312619776,0.6988
ACCe956e36ac6,1,3,18,2.6666666666666665,0.9931740614334471,0.7510103789158112,0.6695
ACCf6905e5e3f,1,4,24,3.4416666666666664,0.0,0.2571921901979015,0.6424
ACC7e39d709af,1,3,15,2.55,1.0,0.7882625277498435,0.6228
ACCbcb6271656,1,3,14,2.5083333333333333,0.9931740614334471,0.8733392785989412,0.6196
ACCa410c37187,1,3,17,2.575,0.9965870307167235,0.6146481224977707,0.6187
ACCe4acdcbf44,1,3,20,2.65,0.6791808873720137,0.6565926038365937,0.6146
ACC83dafc4a8c,1,3,15,2.525,0.9965870307167235,0.7432442175967213,0.6104
ACC2c4ebec20d,1,3,16,2.55,0.9965870307167235,0.6356602090962563,0.6059
ACC9459459c37,1,3,14,2.5654761904761902,0.9931740614334471,0.7457355368764588,0.6003
ACCbd47005201,1,3,15,2.5555555555555554,0.41979522184300344,0.7401400299793182,0.4977
ACC8f88ef5617,1,3,15,2.6083333333333334,0.49488054607508536,0.6124243401703888,0.493
ACC84a1378626,1,3,16,2.5972222222222223,0.7747440273037542,0.0,0.4395
ACCb8af2a23bd,1,2,12,1.7333333333333334,0.9931740614334471,0.8750735252262679,0.4069
ACC587cac79e1,1,2,14,1.7571428571428571,0.9897610921501706,0.6869286378384531,0.3997
ACC0a5e6407b1,1,2,10,1.6904761904761905,0.9931740614334471,0.7067149877616076,0.34
ACCb829df01bc,4,4,29,3.70994560994561,0.9875,0.9496465398865093,0.9714
ACC1cf233c0a9,4,4,31,3.6897435897435895,0.996875,0.787192261474267,0.9551
ACC87e2b2d925,4,4,25,3.6543900543900545,0.996875,0.8358979653935776,0.9138
ACC6f3d7254c5,4,4,29,3.6516122766122767,0.9875,0.6727996398795757,0.9111
ACC6a2567f594,4,4,26,3.5786324786324784,1.0,0.7637282236880867,0.9016
ACCe03e16a4be,4,4,31,3.6314102564102564,0.98125,0.500641989360069,0.8897
ACCfe5ff7a001,4,4,27,3.4944444444444445,0.99375,0.6941711366980725,0.8873
ACCc43b9050bf,4,4,26,3.5786324786324784,0.99375,0.6945773713740833,0.8865
ACC5b418f3068,4,4,23,3.4527777777777775,0.996875,0.7791426885494384,0.8693
ACCe16fcc3fa9,4,4,25,3.6543900543900545,0.99375,0.2236042142758199,0.7907
ACCd8b140e693,4,3,27,2.748834498834499,0.996875,0.9760219956437347,0.7809
ACC7d16f85c2c,4,4,28,3.2425213675213675,0.41874999999999996,0.7199553694060485,0.764
ACCe8d5af8e64,4,3,26,2.3777777777777778,0.984375,0.9599716104579329,0.7356
ACC97f6213829,4,3,29,2.786868686868687,0.98125,0.6436204459506536,0.7305
ACC579eface06,4,3,24,2.661111111111111,0.99375,0.8267452866384684,0.7189
ACC3aacb4fa49,4,3,26,2.7182539682539684,0.98125,0.7337138992011849,0.7187
ACCe7595ffd2f,4,4,25,3.4765873015873017,0.050000000000000044,0.8666193195063856,0.7155
ACC53cd38550e,4,3,25,2.7702020202020203,0.99375,0.6866315190494001,0.7082
ACC91795ab856,4,4,24,3.2452991452991453,1.0,0.0,0.7045
ACC78f93d0d7a,4,3,25,2.7146464646464645,0.990625,0.690191047510859,0.7036
ACC4b1d736630,4,3,23,2.361111111111111,0.984375,0.7966843373714906,0.6776
ACC8fdc5dc920,4,3,26,2.75,0.5625,0.7396587409923658,0.6388
ACC2512e21f20,4,3,26,2.7182539682539684,0.61875,0.6861500074938262,0.6367
ACC1b18cc2bb0,4,3,15,2.546031746031746,1.0,0.7225233268463245,0.6176
ACCcd03c86412,4,3,29,2.786868686868687,0.0,0.9379439805611652,0.5931
ACC5277faa3fd,4,3,29,2.786868686868687,0.171875,0.5966071434059979,0.5592
ACCfa511078a2,4,4,25,3.2135531135531132,0.028124999999999956,0.12522144816983682,0.5405
ACC134dda8db4,4,3,26,2.700854700854701,0.0031250000000000444,0.7175376531565416,0.5184
ACCec081c8bc6,4,2,20,1.8222222222222222,0.99375,0.7938237117586288,0.509
ACC1c45023d32,4,2,17,1.8055555555555554,0.99375,0.834473851859581,0.4918
ACCd87c7d855e,4,2,15,1.75,0.9875,0.9360828443678908,0.4901
ACC5df65f472a,4,2,16,1.7840909090909092,1.0,0.8472287246570227,0.4857
ACCb4341ae70b,4,2,13,1.7638888888888888,0.98125,0.9760992000281726,0.482
ACC8856838889,4,2,17,1.8055555555555554,0.996875,0.7561642257074865,0.4767
ACC7850e0be01,4,2,18,1.8222222222222222,0.99375,0.6226209575729607,0.4588
ACC45fd9e4126,4,2,13,1.746031746031746,0.990625,0.8074360637516504,0.4487
ACCbf8b9bd0d2,4,2,12,1.7083333333333333,0.99375,0.6022511902472836,0.3971
ACCa5e891d86b,4,3,15,1.9333333333333333,0.046875,0.7420113388339462,0.3788
ACCecb2f4b7c8,4,2,6,1.357142857142857,0.996875,0.8895448541063747,0.3773
ACCe0929c0bea,5,4,29,3.639249639249639,0.9882352941176471,0.8960624477031387,0.9433
ACCe784c9a92d,5,4,29,3.686868686868687,0.9764705882352941,0.820716099442376,0.9309
ACC4bd0cc70d0,5,4,29,3.636904761904762,0.9647058823529412,0.8569155462121983,0.9305
ACC2cb93aa36c,5,4,27,3.6527777777777777,0.9764705882352941,0.9418872932327559,0.9229
ACCf355b32e11,5,4,31,3.65988455988456,0.9647058823529412,0.6318588857467182,0.9165
ACC81d3b8eae1,5,4,26,3.586111111111111,0.9882352941176471,0.9362739962020348,0.9029
ACCfdd471a155,5,4,26,3.6440115440115437,0.9764705882352941,0.8874185279480703,0.8968
ACCda15cf725b,5,4,27,3.632142857142857,0.9764705882352941,0.7696546270621198,0.8863
ACCc3284c6481,5,4,26,3.623376623376623,0.9882352941176471,0.7798159102200801,0.8755
ACC2a5e0f5ca3,5,4,27,3.623809523809524,0.9764705882352941,0.7059849336756299,0.8727
ACCac5c7f2109,5,4,25,3.1904761904761902,0.9882352941176471,0.9624662439301842,0.8522
ACCf5bb6763e1,5,4,24,3.5476190476190474,0.9882352941176471,0.8210555311188353,0.8472
ACCe5ebda03c9,5,4,25,3.6099206349206345,0.9882352941176471,0.593525256275744,0.8225
ACC1417b24fef,5,4,27,3.6527777777777777,1.0,0.35505977715320647,0.8103
ACC731051474d,5,4,29,3.619047619047619,0.2823529411764706,0.9043922845200325,0.8016
ACC7219a205a8,5,4,23,3.2376623376623375,0.9882352941176471,0.7931338958982844,0.7947
ACC8a346d3eed,5,4,30,3.682106782106782,0.17647058823529416,0.839876969295194,0.7885
ACC19c6301d28,5,4,26,3.6440115440115437,0.9529411764705882,0.0,0.7147
ACC0ba204e1ac,5,4,25,3.5995670995670994,0.12941176470588234,0.9020095031212747,0.7114
ACC11c8bb508b,5,3,28,2.750793650793651,1.0,0.7282664746278442,0.7043
ACC734d73f17f,5,3,27,2.770995670995671,0.9764705882352941,0.7489474841739376,0.6916
ACCca94cd01fc,5,3,26,2.695238095238095,0.9882352941176471,0.7067327214550272,0.6632
ACC5e7e801cac,5,3,23,2.757142857142857,0.9529411764705882,0.9231123277432526,0.6631
ACC370e932f5d,5,3,24,2.746031746031746,0.9647058823529412,0.8018503009740192,0.6543
ACCb233ecf6d4,5,3,25,2.686868686868687,0.9882352941176471,0.6353380000762876,0.6338
ACC3e90111d1c,5,3,23,2.7666666666666666,0.9882352941176471,0.7142993198329977,0.6294
ACC17372e079d,5,3,22,2.708333333333333,0.9529411764705882,0.7915115766480663,0.6174
ACC13aa8d0775,5,3,19,2.619047619047619,0.9529411764705882,0.9503531079243053,0.5969
ACC96ddb45be9,5,3,20,2.642857142857143,0.9882352941176471,0.40174792828383254,0.511
ACC6ca8f54f61,5,3,28,2.773015873015873,0.0,0.4976816768214517,0.4605
ACC5a05192a01,5,3,24,2.7349206349206345,0.12941176470588234,0.5186478596732476,0.4295
ACCd124d306f6,5,3,23,2.757142857142857,0.12941176470588234,0.44799247649447715,0.4034
ACC4a02bb0099,5,2,18,1.7857142857142856,0.9764705882352941,0.7109750742235199,0.3518
ACC9bc86e6fd7,5,2,18,1.8285714285714285,0.12941176470588234,0.8306711525081489,0.2108
ACC17250caccd,5,2,17,1.8083333333333333,0.22352941176470587,0.6330059161540991,0.1737
ACCbbbdd2549b,7,4,28,3.5807017543859647,0.6666666666666667,0.9994645992416639,0.8846
ACCe5d1689145,7,4,23,3.5029239766081868,1.0,0.8974780116158889,0.8725
ACCf7829e55fd,7,4,27,3.6452991452991452,0.7777777777777778,0.8171795355584022,0.8646
ACC1ee317412e,7,4,25,3.6238344988344986,0.8333333333333334,0.8167333571125733,0.853
ACC393b559bc3,7,4,30,3.6695906432748533,0.7777777777777778,0.45722890345443523,0.8259
ACCdf2885b59a,7,4,25,3.637723387723388,0.8888888888888888,0.5885701669614325,0.8195
ACC8f485782e0,7,4,27,3.6695906432748533,0.8333333333333334,0.47232446262451244,0.8085
ACCe94e15c3a0,7,4,27,3.6695906432748533,0.8333333333333334,0.47027542606831185,0.8081
ACC8eb5543e04,7,4,24,3.5643106893106893,0.8333333333333334,0.5636847664672855,0.7875
ACC73e193ddef,7,3,27,2.713602187286398,0.8888888888888888,0.8936984367434874,0.767
ACC776660ce6e,7,4,23,3.5029239766081868,0.7222222222222222,0.6359140407895787,0.7646
ACC72b44ee64f,7,4,24,3.5718864468864466,0.38888888888888884,0.7892124204682407,0.7442
ACC5ee03b6a7b,7,4,32,3.662014885699096,0.0,0.6890900039775495,0.7373
ACCe349838af7,7,4,26,3.489035087719298,0.6111111111111112,0.4439727686011299,0.7346
ACC88d57dd251,7,4,24,3.5643106893106893,0.7777777777777778,0.30588552242238976,0.7248
ACCf640fa7a6b,7,3,22,2.7529239766081868,0.8888888888888888,0.8937362926871747,0.7172
ACC112b75afbd,7,4,25,3.5857753357753355,0.38888888888888884,0.5118649289227903,0.7003
ACC6fb35921cf,7,3,22,2.7146464646464645,0.7222222222222222,0.9507151061334187,0.6925
ACC1f4ade8200,7,3,25,2.739035087719298,0.7777777777777778,0.691044266907946,0.685
ACCb3e02152f7,7,3,26,2.6045112781954884,1.0,0.37395412087028257,0.6667
ACC19402c69ee,7,3,23,2.721177944862155,0.9444444444444444,0.5331645154435865,0.6644
ACC7b8f465d57,7,3,20,2.6488095238095237,0.8333333333333334,0.740701968248227,0.6468
ACCf2faa21aca,7,2,25,1.8564593301435406,0.9444444444444444,0.9445531483738298,0.6376
ACCefb3a868b3,7,3,17,2.5802197802197804,0.8333333333333334,0.8382259688161999,0.6297
ACCce36c8f2e0,7,3,27,2.7314593301435406,0.0,0.942334094487499,0.6002
ACCa42833203e,7,3,19,2.5738095238095235,0.7222222222222222,0.4382480938094363,0.5481
ACCe2d1287f0b,7,3,21,2.669108669108669,0.8888888888888888,0.0449600195085188,0.5308
ACCc2bec35a57,7,3,21,2.721056721056721,0.8888888888888888,0.0,0.5256
ACC2e2119e84d,7,3,21,2.669108669108669,0.2777777777777778,0.5710048753238574,0.5138
ACC778b9309a5,7,2,21,1.8362573099415203,1.0,0.4747157409896332,0.5111
ACC7f8beda2fa,7,2,17,1.811965811965812,0.7222222222222222,0.8611645304254438,0.489
ACCa1dbec6eb3,7,2,24,1.8362573099415203,0.7777777777777778,0.24312264182050436,0.4519
ACC0b494fd8dc,7,2,13,1.6590909090909092,0.6111111111111112,0.7956342198201013,0.4003
ACC79b5805d94,7,2,14,1.746031746031746,0.7777777777777778,0.5340628249482975,0.3982
ACC18f8e40e55,7,2,22,1.8045112781954886,0.4444444444444444,0.3428077753433001,0.3818
ACCfda9caff14,7,2,15,1.7230769230769232,0.6666666666666667,0.3862871994005652,0.3553
ACC5b6e67fe80,7,1,18,0.9473684210526315,0.7222222222222222,0.4599485787868802,0.2891
ACCb5d976786c,10,4,23,3.5757575757575757,0.9940298507462687,0.9668527987082887,0.9671
ACC42e54802ab,10,4,22,3.575854700854701,0.991044776119403,0.9784580193756727,0.9571
ACCb4633f6f52,10,4,23,3.521056721056721,0.982089552238806,0.806171510584858,0.9286
ACCad87767466,10,4,21,3.5376984126984126,0.991044776119403,0.8114773950484393,0.9091
ACC1305ba8d28,10,4,23,3.575854700854701,0.9791044776119403,0.6510360602798708,0.901
ACCff8105e9eb,10,4,19,3.582167832167832,0.9880597014925373,0.8716092572658772,0.9003
ACCec56c9e6e7,10,4,22,3.5376984126984126,0.9791044776119403,0.7027897380696091,0.8968
ACCa20292056f,10,4,21,3.5555555555555554,1.0,0.6583826695371369,0.8816
ACC695db428a2,10,4,23,3.575854700854701,0.9850746268656716,0.5270182992465015,0.8774
ACC7d564a13e0,10,4,19,3.582167832167832,0.9970149253731343,0.646465733763904,0.8571
ACCe98f9d1408,10,3,25,2.7007575757575757,0.9552238805970149,0.9690303193397918,0.852
ACCb2a08440be,10,4,20,3.4552197802197804,0.9970149253731343,0.5950484391819162,0.8492
ACC62da341b63,10,3,22,2.6805555555555554,0.973134328358209,0.8483584499461787,0.7947
ACC1d8c324550,10,4,22,3.5619658119658117,0.6835820895522389,0.32615715823466096,0.7641
ACC06fbb21d65,10,3,22,2.721056721056721,0.9611940298507463,0.6284311087190529,0.7513
ACC0a463f6c3d,10,3,21,2.7007575757575757,0.9791044776119403,0.6162271259418729,0.7392
ACC0dfda42709,10,3,16,2.6805555555555554,0.9641791044776119,0.907333153928956,0.7341
ACC15ae599860,10,3,19,2.6869658119658117,0.9791044776119403,0.7045075349838537,0.7323
ACC832f5a4f26,10,4,20,3.569444444444444,0.0,0.8027381593110874,0.6998
ACC74f1793c44,10,4,24,3.596056721056721,0.005970149253731294,0.5264599031216364,0.6947
ACC81afc8631e,10,3,19,2.584090909090909,0.6985074626865672,0.8292384284176535,0.6935
ACC740cd37599,10,3,16,2.563888888888889,0.982089552238806,0.7085508611410121,0.6893
ACC17051b87a2,10,3,16,2.6805555555555554,0.973134328358209,0.6036733046286331,0.6752
ACC94e7509455,10,3,22,2.721056721056721,1.0,0.0,0.6334
ACCc9b5a59957,10,3,16,2.659090909090909,0.9880597014925373,0.31086742016505187,0.618
ACC8fc2613bde,10,2,18,1.8055555555555554,0.991044776119403,0.7832974524578402,0.6069
ACC03f7f9c75a,10,3,19,2.65521978021978,0.017910447761193993,0.9986410118406888,0.5965
ACC5a74b91ce6,10,3,15,2.6527777777777777,0.4149253731343283,0.697282023681378,0.5684
ACCbe8daced73,10,2,14,1.7916666666666665,0.9701492537313433,0.6291442411194832,0.5238
ACC07a70ed4ac,10,2,13,1.746031746031746,0.9611940298507463,0.5437432723358452,0.4898
ACC85fdf25103,10,2,10,1.7321428571428572,0.9970149253731343,0.6307857911733048,0.4781
ACC1f57480531,10,3,15,2.546031746031746,0.08059701492537319,0.24722371725870107,0.4037
ACCe51623d1ad,10,1,8,0.8888888888888888,0.4895522388059701,0.9671151776103336,0.2913
ACCbf480ba901,11,4,7,2.8833333333333333,0.404833836858006,0.932580974410632,0.8341
ACC46420aec5f,11,4,5,2.7499999999999996,0.9848942598187311,0.6092698643168152,0.8068
ACCf96c82b0a8,11,3,6,2.216666666666667,0.9637462235649547,0.9690323055340692,0.7931
ACCdf77d4c2cb,11,3,8,2.05,0.5830815709969788,0.7063383190725205,0.716
ACC2e2aa71ed2,11,4,6,2.583333333333333,0.02114803625377648,0.9918787315482692,0.7089
ACC1ff306732b,11,3,5,2.083333333333333,0.9788519637462235,0.6078274336584488,0.6785
ACCb8a9851d59,11,3,4,1.8333333333333333,1.0,0.7576625476803405,0.6568
ACC4c653c698c,11,3,4,1.9166666666666665,0.7764350453172205,0.8184424459177836,0.6318
ACC89da146a59,11,2,5,1.4666666666666668,0.9879154078549849,0.9664723866467473,0.6297
ACC0fe142ffb1,11,3,7,2.1666666666666665,0.030211480362537735,0.7706903591700432,0.5955
ACC4d281a0c7b,11,2,5,1.4666666666666668,0.9546827794561934,0.5518940071460365,0.5402
ACC348525727c,11,3,4,1.8333333333333333,0.3716012084592145,0.7373872997108823,0.5271
ACCe11b5b5bc2,11,3,4,1.9166666666666665,0.03625377643504535,0.7568946326922379,0.4714
ACCa3f4f77766,11,1,3,0.75,0.8580060422960725,0.6959900072618193,0.3517
ACC0b45df514b,11,1,2,0.6666666666666666,0.0030211480362537513,0.9886616913775957,0.1983
ACC897ab5b151,11,1,2,0.6666666666666666,0.0,0.7751068254697783,0.155
ACC5fe9051372,11,1,3,0.75,0.02114803625377648,0.0,0.0451
ACC40bc8f29e6,12,4,21,3.530122655122655,0.8679245283018868,0.8292924322262093,0.9386
ACC4a55ba6417,12,4,20,3.3696969696969696,0.8679245283018868,0.9222709403457942,0.9329
ACCbedca48313,12,4,19,3.4757575757575756,0.8962264150943396,0.8769428118036703,0.9248
ACC5e9c24b74e,12,4,20,3.3696969696969696,0.8867924528301887,0.8073913932953295,0.9137
ACC33ae9925fb,12,4,18,3.117424242424242,0.9905660377358491,0.9185221636744646,0.913
ACC8ad9bda938,12,4,18,3.5412337662337663,0.9811320754716981,0.7650379577460894,0.9117
ACC6e84211f93,12,4,17,3.3244949494949494,0.9905660377358491,0.8447833210770084,0.9011
ACCca7552203e,12,4,18,3.3813131313131315,0.8962264150943396,0.847763543239024,0.8995
ACCa515d6bdbd,12,4,20,3.3583333333333334,0.9811320754716981,0.6380135906977258,0.8978
ACCa0758e51d2,12,4,17,3.0904761904761906,1.0,0.871855976202456,0.8911
ACCf37a37ba7b,12,4,19,3.507142857142857,0.2735849056603774,0.9469642096882102,0.8166
ACCb5f3d7d49b,12,3,17,2.5555555555555554,0.9905660377358491,0.8257040014597006,0.7738
ACC281036d48e,12,3,16,2.5022727272727274,0.9811320754716981,0.8669663476336077,0.7637
ACC50bf3b5eb3,12,3,16,2.4772727272727275,0.9339622641509434,0.9161999126391277,0.7623
ACC1cb3fa47a4,12,3,15,2.491161616161616,0.9245283018867925,0.9578087534119581,0.7572
ACC7a4d1e2fc5,12,3,15,2.621031746031746,0.9622641509433962,0.8490066847654802,0.7526
ACCfa6fb828dd,12,4,19,3.4757575757575756,0.10377358490566035,0.7885719446272141,0.7486
ACCcc10c3e339,12,4,17,3.496031746031746,0.1132075471698113,0.8353044821288038,0.7364
ACCbc35229ea3,12,3,17,2.4606060606060605,0.8867924528301887,0.7571109722675308,0.7323
ACC8e65f4c4ec,12,4,16,2.991161616161616,0.0,0.8550749478875809,0.6679
ACC396e6ffe58,12,3,11,2.159090909090909,0.9150943396226415,0.8722430180416789,0.6637
ACCc45fcbf738,12,2,14,1.7662337662337662,0.9622641509433962,0.8283414151355475,0.6062
ACC091165c510,12,2,13,1.6161616161616161,0.9716981132075472,0.8996234635821275,0.5987
ACCc0f71d9087,12,2,11,1.6590909090909092,0.9905660377358491,0.9569498891401589,0.5922
ACC9f4f1557ec,12,1,5,0.8333333333333333,0.9716981132075472,0.9916233087653918,0.3927
ACCbf5c1ad4b3,12,2,9,1.6666666666666665,0.018867924528301883,0.9477493517049193,0.3715
ACCee0214ca95,12,2,12,1.7083333333333333,0.08490566037735847,0.0,0.2358
ACCe0e443f407,13,4,26,3.6305555555555555,0.9974358974358974,0.9691223321683724,0.9933
ACCb23a0a539f,13,4,26,3.6126984126984123,0.9923076923076923,0.9278153201488388,0.9827
ACC29da669de8,13,4,24,3.591269841269841,1.0,0.9992581226164812,0.9662
ACCecc286156f,13,4,24,3.591269841269841,0.9974358974358974,0.9338110000148174,0.9526
ACC91a42601d7,13,4,24,3.5238095238095237,0.9897435897435898,0.818604944954152,0.923
ACC5601e7a50a,13,4,23,3.625793650793651,0.9974358974358974,0.8054465605153719,0.9141
ACC8d0bf8fc85,13,3,23,2.7416666666666667,1.0,0.9763708105527805,0.8167
ACC5f2eccbedd,13,3,23,2.6666666666666665,0.9846153846153847,0.941968277324472,0.8011
ACC58a4411a6f,13,4,24,3.525,0.1512820512820513,0.9561818257327974,0.7829
ACCde055d2f02,13,3,23,2.645238095238095,0.9923076923076923,0.831169243138982,0.7789
ACCa6815aa693,13,3,21,2.6619047619047618,0.9923076923076923,0.9748799949245277,0.7781
ACCd42ba923d4,13,3,22,2.736904761904762,0.9948717948717949,0.8546455979843363,0.7756
ACCb35847be81,13,3,23,2.7341269841269837,0.9897435897435898,0.7732157116753322,0.7734
ACC89865a6014,13,3,23,2.6666666666666665,0.9923076923076923,0.7891873797436204,0.7721
ACCf4e9cc1542,13,3,21,2.6619047619047618,0.9948717948717949,0.9104344711383645,0.7658
ACC219636e8c7,13,3,22,2.736904761904762,0.9769230769230769,0.7348308527217742,0.748
ACCbdef0b687a,13,3,22,2.725,0.9923076923076923,0.7085907098405517,0.7449
ACC35f307ae37,13,4,22,3.6079365079365076,0.0,0.9860805034178394,0.734
ACC82361a3f1d,13,3,19,2.692460317460317,0.9846153846153847,0.8762105116119168,0.7284
ACC77d3e17394,13,4,22,3.219047619047619,0.18205128205128207,0.8832804510770318,0.7211
ACCccc5d81955,13,3,20,2.707142857142857,0.982051282051282,0.7437941116869635,0.7178
ACCe7d3e5b048,13,3,19,2.35,0.9974358974358974,0.8985601199636841,0.7101
ACC86d7f05122,13,3,19,2.65,0.9923076923076923,0.7509235641251764,0.7017
ACC7c573bbc38,13,3,21,2.6619047619047618,0.34615384615384615,0.8487749962313088,0.6237
ACC5b3a569734,13,3,22,2.6666666666666665,0.4871794871794872,0.5682258323590157,0.6115
ACCee786e7e48,13,2,18,1.8499999999999999,0.9846153846153847,0.9081094651922846,0.5903
ACC66eee777cf,13,2,18,1.8499999999999999,0.7333333333333334,0.9162566555573465,0.5417
ACCc4ec3de4b6,13,3,21,2.738888888888889,0.39230769230769236,0.0,0.4689
ACCf6c423dda9,13,1,13,0.9285714285714285,0.9923076923076923,0.7978702216491291,0.358
ACC070164e1d5,15,4,23,3.6496281496281497,0.9924050632911392,0.9110924009720553,0.9807
ACCb14478bef0,15,4,23,3.5643106893106893,0.9873417721518988,0.800243131543699,0.9513
ACCce5d9ad45e,15,4,20,3.5174603174603174,0.9873417721518988,0.9747456279871597,0.9366
ACCe492e7a6d5,15,4,21,3.6265512265512267,1.0,0.8378686893495279,0.9351
ACC9d6208044b,15,4,21,3.5087912087912088,0.9873417721518988,0.7935186631021499,0.9151
ACC03660a372a,15,4,21,3.2405372405372406,0.9974683544303797,0.8770728170538121,0.9141
ACC7ea8289470,15,4,23,3.6496281496281497,0.9974683544303797,0.5507045204341138,0.9096
ACC9e79692ccd,15,4,23,3.510739260739261,0.9949367088607595,0.6020242260554467,0.9092
ACC8cdb017c73,15,4,22,3.5405372405372404,0.9873417721518988,0.6710864139019298,0.9083
ACCc56e3683fc,15,4,18,3.325,0.9949367088607595,0.9509060249699274,0.8884
ACCa0500cdf6a,15,4,23,3.6178821178821177,0.9974683544303797,0.40612344663778543,0.8784
ACC4aa9d7ee0c,15,3,20,2.6857142857142855,0.9898734177215189,0.9974598109090224,0.8139
ACCb14b38975e,15,3,20,2.6857142857142855,1.0,0.9585209033492283,0.8082
ACC941da72720,15,3,18,2.6638888888888888,0.9924050632911392,0.8115430398151934,0.7449
ACC8330a5ee12,15,3,17,2.65521978021978,0.9974683544303797,0.7467502685550131,0.7169
ACC02e3f4634b,15,4,20,3.197979797979798,0.13670886075949362,0.7561302733101437,0.6993
ACCec9481e9a4,15,3,16,2.5480769230769234,0.9949367088607595,0.7439428976320863,0.6926
ACCe50021309c,15,3,16,2.598076923076923,1.0,0.7003035907511929,0.6886
ACC093cb965e1,15,3,16,2.632142857142857,0.9873417721518988,0.5983523394692303,0.6681
ACC8c1c30e3cb,15,2,17,1.809090909090909,1.0,0.7588462295974696,0.5911
ACC6930661d61,15,3,18,2.6869658119658117,0.36708860759493667,0.6525796582426577,0.5897
ACCeaa5474bee,15,3,19,2.5876623376623376,0.1468354430379747,0.5159857911053953,0.5265
ACCc1cae2c611,15,3,18,2.3285714285714287,0.7924050632911392,0.0,0.518
ACC8d2353b242,15,2,17,1.8376623376623376,0.7012658227848101,0.5700604905944935,0.4957
ACCc67bbb8ba6,15,1,12,0.9230769230769231,0.9898734177215189,0.415511101974007,0.3118
ACCbbffa89298,15,2,10,1.4090909090909092,0.0,0.6304159248218593,0.2284
ACCcb9f682351,17,4,23,3.5884559884559883,0.9473684210526316,0.9618783199871489,0.9354
ACCe885bbd6d4,17,4,22,3.5083333333333333,1.0,0.9129997777389626,0.9076
ACCe7fc7f3418,17,4,22,3.472222222222222,0.8157894736842105,0.9707546239765753,0.8784
ACC89ad83ade2,17,4,23,3.5884559884559883,0.8157894736842105,0.7862672788531007,0.874
ACC1698389d00,17,4,22,3.2666666666666666,0.9605263157894737,0.9016033282065985,0.8713
ACC71a8cac7b6,17,4,23,3.554365079365079,0.9210526315789473,0.6809848316959457,0.8703
ACC2ddf7ce1c7,17,4,22,3.4,0.9868421052631579,0.7278627548076562,0.8562
ACC3d026fcfd3,17,4,21,3.4995670995670998,1.0,0.7585291661358358,0.8557
ACC2750e22745,17,4,20,3.308333333333333,0.9473684210526316,0.9094976690110648,0.8348
ACC5a9de142bb,17,4,21,3.375,0.9210526315789473,0.7057602193536754,0.816
ACC4fdcdf3e7f,17,4,18,3.4055555555555554,1.0,0.738058163754745,0.7815
ACC9c0d31d8e6,17,4,25,3.597222222222222,0.1842105263157895,0.7400132406927313,0.7794
ACC3be4634dbd,17,4,25,3.647979797979798,0.17105263157894735,0.6747116636538129,0.7692
ACC59afa0346b,17,4,21,3.388888888888889,0.3157894736842105,0.8779579698388696,0.7308
ACCc676f8f16d,17,3,22,2.742424242424242,0.9868421052631579,0.8187316357424886,0.7035
ACC78d4ebe3c3,17,3,21,2.659090909090909,0.9605263157894737,0.91809305749654,0.6892
ACC6a4083480c,17,3,19,2.682900432900433,0.9868421052631579,0.9564693745172945,0.6647
ACC44811ac59b,17,3,21,2.5999999999999996,0.8947368421052632,0.8746190360022411,0.661
ACC69d43a7710,17,3,20,2.675757575757576,1.0,0.6921788234928459,0.6337
ACC0c33e2b810,17,3,19,2.682900432900433,0.9868421052631579,0.6426508192766314,0.6019
ACC4f340e1dd4,17,3,17,2.5738095238095235,0.9605263157894737,0.8260473100343979,0.5816
ACCb588359b11,17,3,19,2.6083333333333334,0.9868421052631579,0.4518901981911222,0.5557
ACC14f0d2e4b2,17,3,21,2.5999999999999996,0.2894736842105263,0.8559959460968151,0.5362
ACCdaff324c76,17,3,22,2.731313131313131,0.09210526315789469,0.6564814021903316,0.491
ACC8bbd19525e,17,3,20,2.6416666666666666,0.14473684210526316,0.6715660143610093,0.4548
ACCfd1f1db4d5,17,2,19,1.8257575757575757,0.9210526315789473,0.7892649699607652,0.4257
ACCa77f7a25a8,17,3,17,2.583333333333333,0.9342105263157895,0.0,0.4121
ACCb22577421b,17,2,15,1.7916666666666665,0.0,0.7049019323759866,0.141
ACCfc8938d5d5,19,4,19,3.5047619047619043,1.0,0.719176566875459,0.9257
ACCfee292650b,19,4,19,3.3976190476190475,0.9851851851851852,0.7129485696087197,0.9131
ACC6f72e1ab6d,19,4,19,3.5047619047619043,0.9851851851851852,0.5967532066661246,0.8982
ACCbd03195fe0,19,4,18,3.5047619047619043,0.9777777777777777,0.5738612231790874,0.874
ACC4427e3916e,19,4,18,3.371031746031746,1.0,0.5953622007250722,0.8723
ACC903cbe261e,19,4,19,3.1654761904761903,0.4222222222222223,0.9681418571704502,0.8335
ACC2e5b725e17,19,3,20,2.6083333333333334,0.8962962962962963,0.7605077251170898,0.795
ACC75d9c75da9,19,3,17,2.6476190476190475,0.9111111111111111,0.897530023869662,0.7738
ACC9a8bc62f14,19,4,17,3.1476190476190475,0.8962962962962963,0.3580168441546092,0.7685
ACC13941d03e0,19,3,18,2.2904761904761903,0.962962962962963,0.8590057831403191,0.7669
ACCa4a903189c,19,3,20,2.6083333333333334,0.3111111111111111,0.9779385132981494,0.7214
ACC8698511c25,19,3,14,2.496031746031746,0.9481481481481482,0.9056757546604662,0.7166
ACC4e59703f64,19,4,16,3.371031746031746,0.07407407407407407,0.8453937964314471,0.7008
ACC6ff90fd947,19,4,13,3.1626984126984126,0.9851851851851852,0.2559848361805681,0.6944
ACC60f23eb92e,19,3,12,2.263888888888889,0.9851851851851852,0.9754131088929789,0.6835
ACC84085f8ce0,19,3,15,2.603174603174603,0.9925925925925926,0.5309486898976143,0.677
ACC8294daf5b8,19,4,20,3.46547619047619,0.051851851851851816,0.25626303736877887,0.6586
ACCe7c6f2ea28,19,2,17,1.6833333333333333,0.9407407407407408,0.9498004502619996,0.6486
ACC60c1b8c864,19,2,16,1.6833333333333333,0.9703703703703703,0.8534119521059431,0.617
ACC63a4709eb1,19,3,11,2.4126984126984126,1.0,0.4641521871779988,0.5776
ACC1b855047c3,19,3,17,2.6476190476190475,0.09629629629629632,0.5425536537486819,0.5399
ACC404882756f,19,3,12,2.3555555555555556,0.9851851851851852,0.0,0.4955
ACC4d37704d2d,19,1,14,0.9333333333333333,0.9777777777777777,0.652737883874585,0.417
ACC1deb6b1987,19,3,14,2.513888888888889,0.0,0.1585283104152967,0.3789
ACC6081583c42,19,2,9,1.657142857142857,0.9777777777777777,0.15961303009580496,0.3504
ACCfd5fbf8823,21,4,14,3.242424242424242,0.9927007299270073,0.8061024686336032,0.9357
ACC6fd0d304a7,21,4,12,3.2590909090909093,0.635036496350365,0.6449677625420727,0.7893
ACCfd47b995e8,21,3,15,2.5995670995670994,0.9416058394160584,0.8655852244295349,0.7878
ACCd346b2b791,21,3,14,2.5162337662337664,0.9817518248175182,0.8850629808878319,0.7683
ACCba70b8c2b9,21,3,14,2.409090909090909,0.9890510948905109,0.7871583493385473,0.7382
ACCa4be388095,21,4,15,3.209090909090909,0.007299270072992692,0.6108930012237768,0.7181
ACCc76f8055b6,21,3,14,2.432900432900433,0.9963503649635036,0.5764526516383832,0.7002
ACC53d0b75215,21,3,12,2.5090909090909093,0.9744525547445255,0.6971337598997885,0.684
ACCd94e4c984d,21,3,14,2.4571428571428573,0.9817518248175182,0.43418404771277974,0.6715
ACC26a6ec5313,21,3,12,2.5090909090909093,1.0,0.5449493348961725,0.6586
ACC71aacf0285,21,3,9,2.3833333333333333,0.948905109489051,0.618404490416298,0.5824
ACCee7022f626,21,4,9,3.1333333333333333,0.0,0.6090845641705711,0.5745
ACC74ce17ed35,21,3,13,2.432900432900433,0.9452554744525548,0.0,0.5524
ACCb263fa45ab,21,3,7,2.35,0.9963503649635036,0.5987666428090286,0.5398
ACC5d3692e52c,21,3,12,2.4404761904761902,0.12408759124087587,0.3737950449448879,0.4416
ACC8dd526c1e1,21,2,7,1.5238095238095237,0.9671532846715328,0.9911055791765416,0.4203
ACC04e5e59d41,21,2,6,1.4666666666666668,0.9671532846715328,0.9691829219256063,0.3873
ACCda5538eaf5,21,2,11,1.5757575757575757,0.9854014598540146,0.3204757983843902,0.3845
ACC618ae20121,21,2,6,1.55,0.9598540145985401,0.5864633415454164,0.3186
ACCd8e4710fd8,25,4,17,3.4233766233766234,0.9929824561403509,0.937984895098938,0.9558
ACCa390d8448f,25,4,18,3.414285714285714,1.0,0.7637768331175532,0.9414
ACC0b4d63072a,25,4,15,3.3714285714285714,1.0,0.8925454047717716,0.9027
ACC96fe48d035,25,4,17,3.5233766233766235,0.5929824561403509,0.6314458936267824,0.8249
ACCec1e353f00,25,4,15,3.182900432900433,0.7052631578947368,0.6296591636133565,0.7716
ACC14355753c7,25,4,17,3.4162337662337663,0.0491228070175439,0.8728220484347146,0.7532
ACCee0080adc8,25,3,16,2.6662337662337663,0.9964912280701754,0.8654244448802443,0.7433
ACC18491569c1,25,3,16,2.6142857142857143,0.9964912280701754,0.8396921162922979,0.7327
ACCb49e8ba8bf,25,3,17,2.6090909090909093,0.9929824561403509,0.6476298429612066,0.7131
ACC81ebc8d030,25,3,16,2.566233766233766,0.9964912280701754,0.7410957442371635,0.708
ACCd90cd14a80,25,3,14,2.432900432900433,0.9929824561403509,0.8972481606930045,0.6847
ACC1ee0e963f8,25,3,15,2.6142857142857143,0.9964912280701754,0.6631548052699441,0.6774
ACCe4c3a258af,25,3,12,2.5142857142857142,1.0,0.8852090301077539,0.6521
ACC696b039c63,25,3,17,2.6662337662337663,0.3649122807017544,0.9005281213645346,0.644
ACC3847382b68,25,3,13,2.4642857142857144,0.9964912280701754,0.7196962470239654,0.6331
ACC7b990fe1cd,25,3,10,2.3,1.0,0.8390619689613895,0.5806
ACCa1fc7476e1,25,3,10,2.2738095238095237,0.9894736842105263,0.7049324308135723,0.5489
ACC0ac513a146,25,2,12,1.7571428571428571,0.9894736842105263,0.8531930866371052,0.4649
ACCd82731a75c,25,3,14,2.5162337662337664,0.0,0.6384030263044637,0.443
ACCe987a30906,25,2,11,1.65,0.9929824561403509,0.7972196759483158,0.4232
ACC5bbec89e3f,25,2,8,1.6,1.0,0.8343048613076893,0.3669
ACCf31123b109,25,2,8,1.657142857142857,1.0,0.8029063091491049,0.3665
ACC0837f0b7c5,25,2,12,1.7662337662337662,0.9964912280701754,0.0,0.2966
ACC92321428ad,27,4,26,3.668813131313131,0.9931740614334471,0.9626912254422684,0.9912
ACC1add049824,27,4,26,3.668813131313131,0.9965870307167235,0.9259564370380362,0.9845
ACCd602626a8a,27,4,24,3.5999999999999996,0.9965870307167235,0.8480950498941654,0.9333
ACC5db9a3a1d4,27,4,26,3.5299242424242423,0.9897610921501706,0.684835717548047,0.9206
ACCe8f9f86efb,27,4,22,3.561868686868687,0.9965870307167235,0.9239242993455754,0.916
ACC6c0999eb84,27,4,22,3.62020202020202,0.9795221843003413,0.9066438612525285,0.9151
ACCb9ff88a2bc,27,4,25,3.634722222222222,0.9863481228668942,0.6554986956906347,0.9106
ACC63e44f9479,27,4,20,3.5902777777777777,0.9965870307167235,0.8706829209479021,0.8797
ACC56d8261498,27,4,20,3.5416666666666665,0.9863481228668942,0.905302209974147,0.8796
ACC569fed459a,27,4,22,3.481313131313131,0.9965870307167235,0.6712320341872943,0.8572
ACCd60f055ad5,27,4,22,3.485479797979798,0.9965870307167235,0.6263630001680791,0.8486
ACCf1f5309b23,27,4,20,3.4652777777777777,0.7269624573378839,0.8397940809081292,0.8067
ACC1cc20b565e,27,3,24,2.759722222222222,0.9931740614334471,0.9466710294604102,0.766
ACC155cba7433,27,4,20,3.5902777777777777,0.5767918088737201,0.5556355184128716,0.7327
ACC6be4e99c80,27,4,24,3.568813131313131,0.06825938566552903,0.7293650133771912,0.7207
ACCd6e04eae50,27,3,21,2.6555555555555554,0.9897610921501706,0.9080069359959608,0.704
ACC6229d1d47c,27,3,21,2.697222222222222,0.9795221843003413,0.8884851695656412,0.7023
ACC111bed5467,27,3,20,2.6597222222222223,0.9965870307167235,0.9513603276586099,0.7002
ACC0018876b95,27,3,21,2.7152777777777777,0.9897610921501706,0.8539781503435863,0.6993
ACCdbcf564e6c,27,3,25,2.745833333333333,1.0,0.23964754440718183,0.6388
ACC864fcaffc9,27,3,19,2.6597222222222223,0.9931740614334471,0.6438312054408875,0.6237
ACC0681299fdc,27,3,24,2.7041666666666666,0.1774744027303754,0.7317960614125592,0.5542
ACC13ca1d2d7f,27,3,19,2.686868686868687,0.5187713310580204,0.7238867350622991,0.5476
ACCa720cf42f7,27,3,19,2.701388888888889,0.9795221843003413,0.0,0.4965
ACC3a040902a8,27,2,19,1.8424242424242425,1.0,0.6994255853771996,0.4522
ACC9338d2a39e,27,2,16,1.822222222222222,0.9965870307167235,0.8612730842581626,0.439
ACC4da3cc2543,27,2,12,1.722222222222222,0.9965870307167235,0.6621402952760933,0.3317
ACCc301c065ea,27,2,15,1.797979797979798,0.40614334470989766,0.8865468069898204,0.3092
ACC0f11b0f47a,27,2,16,1.822222222222222,0.0,0.8951368029258705,0.2464
ACC9b095b3312,28,4,8,2.6333333333333333,0.9967213114754099,0.25225567637240975,0.8365
ACC7ac38d1cd2,28,4,6,2.716666666666667,0.9770491803278688,0.6228145553095149,0.7866
ACC08884b383f,28,4,7,2.716666666666667,0.032786885245901676,0.9974220841458173,0.7394
ACCfaf819152d,28,3,7,2.216666666666667,0.9770491803278688,0.8875301583104735,0.7262
ACC28c628b4cc,28,3,6,2.05,0.9967213114754099,0.935403377730773,0.6464
ACC02195bceb9,28,3,5,1.8,0.9967213114754099,0.35314142181974395,0.4233
ACC80fd33ec8d,28,2,5,1.4666666666666668,0.9967213114754099,0.5980599530687114,0.319
ACC5187de4cde,28,2,6,1.4666666666666668,0.9901639344262295,0.0,0.2647
ACC104b272eab,28,2,5,1.4666666666666668,0.9967213114754099,0.05844928446309927,0.211
ACCc2479887dc,28,2,5,1.4666666666666668,0.0,0.9955547476616978,0.1991
ACC52e3993676,29,4,14,2.9238095238095236,0.972636815920398,0.9664403019669076,0.9331
ACC9a6086eb55,29,4,15,3.280952380952381,0.9875621890547264,0.48639791363695595,0.8887
ACC60f236eb7a,29,4,14,3.357142857142857,0.1915422885572139,0.967544505249279,0.8118
ACC4f0c38fc0f,29,3,12,2.45,0.9875621890547264,0.7281939148047238,0.7439
ACCefd8fca862,29,3,10,2.380952380952381,0.9800995024875622,0.7677272981117307,0.7048
ACC7c3397da5d,29,3,12,2.5571428571428574,0.6965174129353233,0.7131709385682499,0.6913
ACCf8cdf9dea6,29,3,11,2.5142857142857142,1.0,0.5003312155816162,0.686
ACC978f43c259,29,4,10,3.073809523809524,0.9925373134328358,0.0,0.6758
ACC1799994f22,29,4,10,3.073809523809524,0.5522388059701493,0.3033653228409807,0.6485
ACC8485dde6d2,29,2,12,1.7000000000000002,0.9925373134328358,0.833405599926992,0.6393
ACCde4f824ba5,29,2,12,1.7571428571428571,0.9875621890547264,0.5434323741324039,0.5849
ACCc986e3c413,29,2,13,1.7571428571428571,0.9751243781094527,0.4024130837192217,0.5742
ACCfaf0fb8bb4,29,2,9,1.7000000000000002,0.9950248756218906,0.6822350854236542,0.5495
ACC3e61aace16,29,3,9,2.2,0.0,0.637351401343841,0.4482
ACC93a084fb5f,29,2,5,1.4166666666666665,0.9975124378109452,0.2714169806669082,0.3652
ACC5ae3edd8fe,29,1,6,0.8571428571428571,1.0,0.5815891355840861,0.3363
ACCa076a41050,31,4,18,3.4305555555555554,0.9892984542211652,0.9685298442515795,0.9867
ACCf594c8c0cd,31,4,15,3.4972222222222222,0.9916765755053508,0.9953463408166096,0.9574
ACC15d5f8d901,31,4,15,3.4972222222222222,0.9988109393579072,0.976340609267586,0.955
ACCc0dd0aa54b,31,4,17,3.46547619047619,0.9964328180737217,0.8390959740390558,0.9515
ACC5e97fcedcf,31,4,16,3.121031746031746,0.9892984542211652,0.9490641538243215,0.9336
ACC94cae2900c,31,4,15,3.396031746031746,0.9916765755053508,0.884521916579147,0.9279
ACC53989d2414,31,4,14,3.4138888888888888,0.9988109393579072,0.8647188268493597,0.9133
ACCb535c2cc0c,31,4,14,3.2142857142857144,0.9869203329369798,0.87224058196708,0.8979
ACCe7cb52ddef,31,4,17,3.46547619047619,0.6706302021403092,0.8934727451871359,0.8972
ACC2319dc708c,31,4,14,3.3988095238095237,0.6848989298454221,0.8761989967244296,0.8517
ACC133a0d7110,31,3,17,2.632142857142857,0.9916765755053508,0.8835052200141921,0.8321
ACCbce1928ee7,31,3,13,2.5654761904761902,0.9988109393579072,0.9598065438911939,0.7906
ACC728a11efd8,31,3,13,2.5654761904761902,0.9916765755053508,0.9532370045828342,0.7878
ACCaadb005615,31,3,17,2.6638888888888888,0.6920332936979786,0.9396079760387666,0.7857
ACCf2c4a5c863,31,3,15,2.4833333333333334,0.9940546967895363,0.7751190680696749,0.7734
ACC32b34e6525,31,3,13,2.5654761904761902,0.9988109393579072,0.8120215544516478,0.761
ACCf979cee926,31,3,12,2.4126984126984126,0.9964328180737217,0.9338316999794647,0.7604
ACC089b0bc1f0,31,3,14,2.646031746031746,0.6801426872770511,0.8486406254194961,0.7238
ACC6a3f0c4dd3,31,3,10,2.333333333333333,0.9916765755053508,0.9043340036236684,0.7211
ACC94492f1a0d,31,4,13,3.0238095238095237,0.9916765755053508,0.0,0.6972
ACC73ef7320c1,31,2,10,1.7083333333333333,0.9940546967895363,0.7684835484532649,0.5823
ACC824b8b9217,31,2,10,1.625,0.915576694411415,0.6769849525390206,0.5422
ACC6fe3821363,31,2,9,1.625,0.6896551724137931,0.90907108983118,0.5301
ACC272db0eaa2,31,1,3,0.75,0.7205707491082045,0.8557076124174825,0.3153
ACC996ee61149,31,1,3,0.75,0.32580261593341264,0.8915686596189816,0.2435
ACCba90a7ae1f,31,1,3,0.75,0.0,0.8517607903541173,0.1704
ACCab27e3598f,32,3,6,2.0,0.971830985915493,0.7246329693259965,0.9193
ACCd9f90aa415,32,3,5,2.083333333333333,1.0,0.0,0.7333
ACC6a47af5cef,32,2,4,1.4166666666666665,1.0,0.746884238573448,0.456
ACC1a5e3d43fa,32,2,3,1.4166666666666665,0.9765258215962441,0.861011215780564,0.4075
ACCad8b50cc80,32,2,3,1.25,0.9859154929577465,0.6876509667413204,0.3347
ACCe33f04d651,32,2,4,1.4166666666666665,1.0,0.12912445385968707,0.3325
ACC815bce9b53,32,2,3,1.4166666666666665,0.0,0.14930384428101595,0.0699
