threshold,n_flagged,fp_cost,fn_cost,total_cost
0.0,954,1723536.478922743,0.0,1723536.478922743
0.0078901023364096,954,1723536.478922743,0.0,1723536.478922743
0.0083155182754289,953,1721755.9660312936,0.0,1721755.9660312936
0.0091622908323884,951,1718194.9402483955,0.0,1718194.9402483955
0.0094320075523011,948,1712853.4015740482,0.0,1712853.4015740482
0.0095772660457156,947,1711072.888682599,0.0,1711072.888682599
0.0096540139787986,945,1707511.8628997009,0.0,1707511.8628997009
0.0097158683803637,944,1705731.3500082516,0.0,1705731.3500082516
0.0097953995671602,943,1703950.8371168026,0.0,1703950.8371168026
0.0098112631475708,942,1702170.3242253535,0.0,1702170.3242253535
0.0098127020612676,941,1700389.8113339043,0.0,1700389.8113339043
0.0099230641859213,939,1696828.7855510062,0.0,1696828.7855510062
0.0100237459479852,936,1691487.2468766586,0.0,1691487.2468766586
0.0100658707274855,935,1689706.7339852096,0.0,1689706.7339852096
0.0101115674536825,934,1687926.2210937606,0.0,1687926.2210937606
0.0102591585212428,933,1686145.7082023113,0.0,1686145.7082023113
0.0103046506022365,932,1684365.1953108623,0.0,1684365.1953108623
0.0104623773258174,931,1682584.6824194132,0.0,1682584.6824194132
0.0104797462543866,930,1680804.169527964,0.0,1680804.169527964
0.0104877256529287,928,1677243.143745066,0.0,1677243.143745066
0.010544477020469,927,1675462.6308536166,0.0,1675462.6308536166
0.0105502412774715,926,1673682.1179621676,0.0,1673682.1179621676
0.0105510415122169,925,1671901.6050707186,0.0,1671901.6050707186
0.0106129081732279,923,1668340.5792878203,0.0,1668340.5792878203
0.0106182205296804,922,1666560.0663963712,0.0,1666560.0663963712
0.0106447907543121,920,1662999.040613473,0.0,1662999.040613473
0.0106714605804128,919,1661218.527722024,0.0,1661218.527722024
0.0107053836166597,917,1657657.5019391256,0.0,1657657.5019391256
0.0107435346131032,916,1655876.9890476766,0.0,1655876.9890476766
0.0108555665633969,914,1652315.9632647783,0.0,1652315.9632647783
0.0109026510444535,912,1648754.93748188,0.0,1648754.93748188
0.0109219738273192,911,1646974.424590431,0.0,1646974.424590431
0.0109385003488284,910,1645193.911698982,0.0,1645193.911698982
0.0109683822229159,909,1643413.3988075326,0.0,1643413.3988075326
0.0109734742523748,908,1641632.8859160836,0.0,1641632.8859160836
0.0110625657241459,906,1638071.8601331853,0.0,1638071.8601331853
0.0110756676718445,904,1634510.834350287,0.0,1634510.834350287
0.0111114318462801,903,1632730.321458838,0.0,1632730.321458838
0.0111259499138734,902,1630949.808567389,0.0,1630949.808567389
0.0111401556916123,899,1625608.2698930416,0.0,1625608.2698930416
0.0111494269274143,898,1623827.7570015923,0.0,1623827.7570015923
0.011183463933541,897,1622047.2441101433,0.0,1622047.2441101433
0.0111948492974545,896,1620266.7312186942,0.0,1620266.7312186942
0.0112153686122207,894,1616705.705435796,0.0,1616705.705435796
0.0112606098047168,893,1614925.192544347,0.0,1614925.192544347
0.0112626228161267,892,1613144.6796528976,0.0,1613144.6796528976
0.0112762096160396,890,1609583.6538699996,0.0,1609583.6538699996
0.0113014381254474,889,1607803.1409785503,0.0,1607803.1409785503
0.0113295824537179,888,1606022.6280871013,0.0,1606022.6280871013
0.0113625832196201,887,1604242.1151956522,0.0,1604242.1151956522
0.0113633230468831,886,1602461.602304203,0.0,1602461.602304203
0.0113637918773892,885,1600681.089412754,0.0,1600681.089412754
0.0114185354501958,882,1595339.5507384066,0.0,1595339.5507384066
0.0114297420315232,881,1593559.0378469576,0.0,1593559.0378469576
0.0114392611380411,878,1585546.7298354364,0.0,1585546.7298354364
0.0114456084758797,877,1583766.2169439874,0.0,1583766.2169439874
0.0114460489296647,875,1580205.191161089,0.0,1580205.191161089
0.0114585966337195,874,1578424.67826964,0.0,1578424.67826964
0.0114649830480693,872,1574863.6524867418,0.0,1574863.6524867418
0.0114927007559899,871,1573083.1395952927,0.0,1573083.1395952927
0.0115008834685275,869,1569522.1138123944,0.0,1569522.1138123944
0.0115028450385112,866,1564180.575138047,0.0,1564180.575138047
0.0115243508404488,865,1562400.0622465978,0.0,1562400.0622465978
0.0115259643748319,864,1560619.5493551488,0.0,1560619.5493551488
0.0115429464772579,861,1555278.0106808015,0.0,1555278.0106808015
0.0115455502012454,859,1551716.9848979032,0.0,1551716.9848979032
0.0115521900062636,858,1549936.4720064541,0.0,1549936.4720064541
0.0115859047809161,857,1548155.959115005,0.0,1548155.959115005
0.0116148375148197,855,1544594.9333321068,0.0,1544594.9333321068
0.0116488322790693,854,1542814.4204406578,0.0,1542814.4204406578
0.0116513640530135,852,1539253.3946577595,0.0,1539253.3946577595
0.0116666701381141,851,1537472.8817663104,0.0,1537472.8817663104
0.0117230745190483,849,1533911.8559834121,0.0,1533911.8559834121
0.0117243177389557,847,1530350.8302005138,0.0,1530350.8302005138
0.0117275319234964,845,1526789.8044176158,0.0,1526789.8044176158
0.0117535525318629,843,1523228.7786347175,0.0,1523228.7786347175
0.0117538550177204,841,1519667.7528518192,0.0,1519667.7528518192
0.0117642420286073,840,1517887.2399603701,0.0,1517887.2399603701
0.0117878084078823,838,1514326.2141774718,0.0,1514326.2141774718
0.0117957380553299,837,1512545.7012860228,0.0,1512545.7012860228
0.0117974653727497,836,1510765.1883945737,0.0,1510765.1883945737
0.0118471405810991,835,1508984.6755031245,0.0,1508984.6755031245
0.0118476370304726,833,1505423.6497202262,0.0,1505423.6497202262
0.0118573959748231,832,1503643.1368287771,0.0,1503643.1368287771
0.011857601548256,831,1501862.623937328,0.0,1501862.623937328
0.0118580408366889,829,1498301.5981544298,0.0,1498301.5981544298
0.0118940664452118,828,1496521.0852629808,0.0,1496521.0852629808
0.0119484786708707,827,1494740.5723715315,0.0,1494740.5723715315
0.0119599997542222,825,1489399.0336971842,0.0,1489399.0336971842
0.0119601877765584,823,1485838.007914286,0.0,1485838.007914286
0.0119787852183325,821,1482276.9821313878,0.0,1482276.9821313878
0.0120018633418045,820,1480496.4692399388,0.0,1480496.4692399388
0.0120150814858905,819,1478715.9563484895,0.0,1478715.9563484895
0.0120221224763017,818,1476935.4434570405,0.0,1476935.4434570405
0.0120221224763018,816,1473374.4176741422,0.0,1473374.4176741422
0.0120355010586963,815,1471593.9047826931,0.0,1471593.9047826931
0.0120728470114342,814,1469813.391891244,0.0,1469813.391891244
0.0120798689382274,813,1468032.8789997948,0.0,1468032.8789997948
0.0121038526899778,809,1460910.8274339985,0.0,1460910.8274339985
0.0121226137004422,807,1457349.8016511002,0.0,1457349.8016511002
0.0121373374754283,806,1455569.2887596511,0.0,1455569.2887596511
0.0121627050795145,805,1452898.5194224773,0.0,1452898.5194224773
0.01219285128994,804,1451118.0065310283,0.0,1451118.0065310283
0.0121946922928335,803,1449337.4936395793,0.0,1449337.4936395793
0.0121963061836115,802,1447556.98074813,0.0,1447556.98074813
0.0122062403305036,801,1444886.2114109565,0.0,1444886.2114109565
0.0122161654752995,800,1443105.6985195072,0.0,1443105.6985195072
0.0122179830823758,799,1440434.9291823336,0.0,1440434.9291823336
0.0122456609012656,798,1438654.4162908846,0.0,1438654.4162908846
0.0122745642831273,797,1436873.9033994353,0.0,1436873.9033994353
0.0122908727670652,796,1435093.3905079863,0.0,1435093.3905079863
0.0122929813022409,795,1433312.8776165373,0.0,1433312.8776165373
0.0123002006105724,794,1431532.364725088,0.0,1431532.364725088
0.0123034037077616,793,1429751.851833639,0.0,1429751.851833639
0.0123075913886466,791,1426190.8260507407,0.0,1426190.8260507407
0.012349914289101,790,1424410.3131592916,0.0,1424410.3131592916
0.0123824502475703,788,1419068.7744849443,0.0,1419068.7744849443
0.0124161099034946,786,1415507.748702046,0.0,1415507.748702046
0.0124279888728078,784,1411946.7229191477,0.0,1411946.7229191477
0.0124304175491562,783,1410166.2100276987,0.0,1410166.2100276987
0.012433633411664,782,1408385.6971362496,0.0,1408385.6971362496
0.0124594326102795,781,1406605.1842448004,0.0,1406605.1842448004
0.0124793008653333,779,1403044.1584619023,0.0,1403044.1584619023
0.0125116989641698,778,1400373.3891247285,0.0,1400373.3891247285
0.0125266913725199,777,1398592.8762332795,0.0,1398592.8762332795
0.0125312272264473,776,1396812.3633418302,0.0,1396812.3633418302
0.0125390779500927,775,1395031.8504503812,0.0,1395031.8504503812
0.0125459572832581,774,1393251.3375589321,0.0,1393251.3375589321
0.0125530837322538,772,1389690.3117760338,0.0,1389690.3117760338
0.0125617643248683,771,1387019.5424388603,0.0,1387019.5424388603
0.0125624543225169,769,1383458.516655962,0.0,1383458.516655962
0.0125960761186535,768,1380787.7473187882,0.0,1380787.7473187882
0.012608376968983,767,1379007.2344273392,0.0,1379007.2344273392
0.0126246020831145,766,1377226.7215358901,0.0,1377226.7215358901
0.0126472981697137,764,1373665.6957529918,0.0,1373665.6957529918
0.0126721734148118,763,1371885.1828615428,0.0,1371885.1828615428
0.0126775147472053,761,1368324.1570786445,0.0,1368324.1570786445
0.0127173450802071,760,1366543.6441871955,0.0,1366543.6441871955
0.0127248896941439,758,1361202.1055128481,0.0,1361202.1055128481
0.0127595376540649,757,1359421.5926213989,0.0,1359421.5926213989
0.0127640142670039,756,1357641.0797299498,0.0,1357641.0797299498
0.0127708977647389,754,1354080.0539470515,0.0,1354080.0539470515
0.0127834477846107,753,1351409.284609878,0.0,1351409.284609878
0.0128212707328319,752,1348738.5152727042,0.0,1348738.5152727042
0.0128365282067695,751,1346958.0023812552,0.0,1346958.0023812552
0.0128588278857506,749,1343396.9765983569,0.0,1343396.9765983569
0.0128874823118119,748,1341616.4637069078,0.0,1341616.4637069078
0.0129028611655877,747,1339835.9508154585,0.0,1339835.9508154585
0.0129162683524225,745,1336274.9250325605,0.0,1336274.9250325605
0.0129263736278373,743,1332713.8992496622,0.0,1332713.8992496622
0.0129326594702717,741,1329152.8734667639,0.0,1329152.8734667639
0.0129598936467822,739,1325591.8476838658,0.0,1325591.8476838658
0.0129940506866354,738,1323811.3347924165,0.0,1323811.3347924165
0.0130074985086201,737,1322030.8219009675,0.0,1322030.8219009675
0.0130156693167753,736,1320250.3090095185,0.0,1320250.3090095185
0.0130156693167754,735,1318469.7961180692,0.0,1318469.7961180692
0.013031157158969,734,1316689.2832266202,0.0,1316689.2832266202
0.0130334983734708,732,1311347.7445522728,0.0,1311347.7445522728
0.0130407788487093,731,1308676.975215099,0.0,1308676.975215099
0.0130631129201982,730,1306896.46232365,0.0,1306896.46232365
0.0130805557750021,728,1301554.9236493027,0.0,1301554.9236493027
0.0130980933970352,727,1299774.4107578536,0.0,1299774.4107578536
0.0131256118177599,726,1297993.8978664044,0.0,1297993.8978664044
0.0131290935245875,724,1292652.359192057,0.0,1292652.359192057
0.0131627198541027,723,1290871.846300608,0.0,1290871.846300608
0.013169787164249,721,1287310.8205177097,0.0,1287310.8205177097
0.0131803234435493,717,1280188.7689519133,0.0,1280188.7689519133
0.0132056813966517,715,1274847.230277566,0.0,1274847.230277566
0.0132324969341284,714,1272176.4609403922,0.0,1272176.4609403922
0.0132452010664814,712,1268615.4351574942,0.0,1268615.4351574942
0.0133061697239672,711,1266834.922266045,0.0,1266834.922266045
0.0133168893659488,709,1263273.8964831468,0.0,1263273.8964831468
0.0133264754720608,708,1261493.3835916976,0.0,1261493.3835916976
0.0133304724968209,707,1258822.614254524,0.0,1258822.614254524
0.0133326776962694,706,1257042.1013630747,0.0,1257042.1013630747
0.0133726264904141,705,1255261.5884716257,0.0,1255261.5884716257
0.01346657399891,704,1252590.8191344521,0.0,1252590.8191344521
0.0134703192841475,703,1249920.0497972784,0.0,1249920.0497972784
0.0134809272960373,702,1247249.2804601046,0.0,1247249.2804601046
0.0135112941826133,701,1244578.511122931,0.0,1244578.511122931
0.0135227455250006,700,1242797.998231482,0.0,1242797.998231482
0.0135635525603721,698,1239236.9724485837,0.0,1239236.9724485837
0.0136468738711382,693,1230334.407991338,0.0,1230334.407991338
0.0136546686519085,692,1227663.6386541645,0.0,1227663.6386541645
0.0136643543890966,690,1224102.6128712662,0.0,1224102.6128712662
0.0136833437041073,688,1218761.0741969189,0.0,1218761.0741969189
0.0137070929547077,687,1216090.304859745,0.0,1216090.304859745
0.0137235908496349,686,1214309.791968296,0.0,1214309.791968296
0.0137294816573945,684,1210748.7661853977,0.0,1210748.7661853977
0.013733835574772,683,1208077.9968482242,0.0,1208077.9968482242
0.0137511746042643,682,1206297.4839567752,0.0,1206297.4839567752
0.0137934330763672,681,1203626.7146196014,0.0,1203626.7146196014
0.0137937937856707,679,1200065.688836703,0.0,1200065.688836703
0.013822122448867,678,1197394.9194995295,0.0,1197394.9194995295
0.0139277801748896,676,1192053.3808251822,0.0,1192053.3808251822
0.0139361240983155,675,1189382.6114880084,0.0,1189382.6114880084
0.0139403687793421,674,1186711.8421508349,0.0,1186711.8421508349
0.0139638350651783,673,1184041.072813661,0.0,1184041.072813661
0.0140254312853924,672,1182260.559922212,0.0,1182260.559922212
0.0140405546038784,670,1176919.0212478647,0.0,1176919.0212478647
0.0140545726449939,668,1171577.4825735174,0.0,1171577.4825735174
0.0140658659200459,667,1168906.7132363436,0.0,1168906.7132363436
0.0140691996966495,666,1166235.94389917,0.0,1166235.94389917
0.0140903400696018,665,1163565.1745619962,0.0,1163565.1745619962
0.0141136576879979,664,1160894.4052248227,0.0,1160894.4052248227
0.014139594817301,663,1158223.635887649,0.0,1158223.635887649
0.0141473817071936,662,1156443.1229961999,0.0,1156443.1229961999
0.0141820729827216,661,1154662.6101047508,0.0,1154662.6101047508
0.0142382659485008,660,1151991.840767577,0.0,1151991.840767577
0.0143078276211488,659,1149321.0714304035,0.0,1149321.0714304035
0.0143095703209174,658,1146650.3020932297,0.0,1146650.3020932297
0.01439216068073,657,1143979.532756056,0.0,1143979.532756056
0.0144002932993566,656,1141308.7634188824,0.0,1141308.7634188824
0.0144227669836935,654,1135967.224744535,0.0,1135967.224744535
0.0144274969559983,653,1133296.4554073613,0.0,1133296.4554073613
0.014429851825789,652,1130625.6860701877,0.0,1130625.6860701877
0.0144488835062495,650,1127064.6602872894,0.0,1127064.6602872894
0.0144777948866308,649,1124393.8909501159,0.0,1124393.8909501159
0.0144975044576931,648,1122613.3780586666,0.0,1122613.3780586666
0.014559210906446,647,1119942.608721493,0.0,1119942.608721493
0.0145769262493892,645,1114601.0700471457,0.0,1114601.0700471457
0.0145788275645412,644,1112820.5571556964,0.0,1112820.5571556964
0.0145875765276728,642,1107479.018481349,0.0,1107479.018481349
0.0145988593488706,641,1104808.2491441756,0.0,1104808.2491441756
0.0146312213834867,640,1102137.4798070018,0.0,1102137.4798070018
0.0146681277866605,639,1100356.9669155527,0.0,1100356.9669155527
0.014690424214274,637,1095015.4282412054,0.0,1095015.4282412054
0.0146927264685324,636,1092344.6589040316,0.0,1092344.6589040316
0.0147154884024174,635,1089673.889566858,0.0,1089673.889566858
0.0147302199191446,633,1084332.3508925107,0.0,1084332.3508925107
0.014754666305859,632,1081661.581555337,0.0,1081661.581555337
0.0147719787167632,630,1076320.0428809896,0.0,1076320.0428809896
0.0147779458930367,629,1073649.273543816,0.0,1073649.273543816
0.0148433006755626,628,1070978.5042066423,0.0,1070978.5042066423
0.0148465010944537,627,1068307.7348694687,0.0,1068307.7348694687
0.0148496416106539,626,1065636.965532295,0.0,1065636.965532295
0.0148628261915763,625,1062966.1961951214,0.0,1062966.1961951214
0.0148823851245097,624,1060295.4268579476,0.0,1060295.4268579476
0.0148914920994607,622,1054953.8881836003,0.0,1054953.8881836003
0.0149126995009325,621,1052283.1188464267,0.0,1052283.1188464267
0.0149142102939548,618,1044270.8108349056,0.0,1044270.8108349056
0.0149201143772787,617,1041600.0414977319,0.0,1041600.0414977319
0.0149384321230186,615,1038039.0157148337,0.0,1038039.0157148337
0.0149769804649362,614,1034477.9899319356,0.0,1034477.9899319356
0.0149923329365627,613,1031807.2205947619,0.0,1031807.2205947619
0.0150060730745495,612,1029136.4512575882,0.0,1029136.4512575882
0.0150438885715636,611,1026465.6819204144,0.0,1026465.6819204144
0.0150494849656945,610,1022904.6561375163,0.0,1022904.6561375163
0.0150581060795603,609,1020233.8868003426,0.0,1020233.8868003426
0.0151047596012342,608,1017563.1174631689,0.0,1017563.1174631689
0.0151085290370814,605,1009550.8094516479,0.0,1009550.8094516479
0.015125803964901,604,1007770.2965601988,0.0,1007770.2965601988
0.0151552211596557,603,1005099.5272230251,0.0,1005099.5272230251
0.0151617630520593,602,1002428.7578858514,0.0,1002428.7578858514
0.0151851116719376,601,999757.9885486778,0.0,999757.9885486778
0.015186660811078,600,997087.2192115041,0.0,997087.2192115041
0.0152112329500354,597,989074.9111999831,0.0,989074.9111999831
0.0152245364688211,595,983733.3725256358,0.0,983733.3725256358
0.0152288719441288,593,978391.8338512884,0.0,978391.8338512884
0.0152385454927121,591,974830.8080683901,0.0,974830.8080683901
0.015249567035198,590,972160.0387312165,0.0,972160.0387312165
0.0152724719586934,589,970379.5258397674,0.0,970379.5258397674
0.0153375340865049,587,965037.9871654201,0.0,965037.9871654201
0.0153381888694001,586,962367.2178282464,0.0,962367.2178282464
0.0153645133540868,585,959696.4484910727,0.0,959696.4484910727
0.0153849403720473,584,957025.6791538991,0.0,957025.6791538991
0.0153931684994433,583,954354.9098167254,0.0,954354.9098167254
0.0154687618874455,582,951684.1404795517,0.0,951684.1404795517
0.0154917552834824,580,946342.6018052043,0.0,946342.6018052043
0.0155405170171126,578,941001.063130857,0.0,941001.063130857
0.0155497031630914,577,937440.0373479588,0.0,937440.0373479588
0.0155699630098197,575,932098.4986736114,0.0,932098.4986736114
0.0155750496185735,573,926756.9599992641,0.0,926756.9599992641
0.0155797400443948,572,924086.1906620904,0.0,924086.1906620904
0.0156190642981026,571,921415.4213249168,0.0,921415.4213249168
0.0156249284982711,569,916073.8826505694,0.0,916073.8826505694
0.0156375203260078,567,910732.3439762221,0.0,910732.3439762221
0.0156405380809163,566,908061.5746390484,0.0,908061.5746390484
0.0156563845619146,565,904500.5488561501,0.0,904500.5488561501
0.0156846263104953,564,901829.7795189765,0.0,901829.7795189765
0.0157089327605672,562,896488.2408446291,0.0,896488.2408446291
0.0157270144935801,561,894707.72795318,0.0,894707.72795318
0.015737510617878,560,892036.9586160063,0.0,892036.9586160063
0.0157414627929971,558,888475.9328331081,0.0,888475.9328331081
0.0157980727639698,557,885805.1634959345,0.0,885805.1634959345
0.0158110930774068,556,882244.1377130363,0.0,882244.1377130363
0.0158842632328523,554,876902.5990386889,0.0,876902.5990386889
0.0158900549864879,552,871561.0603643415,0.0,871561.0603643415
0.0159190554926396,550,866219.5216899941,0.0,866219.5216899941
0.0159482973001685,549,862658.495907096,0.0,862658.495907096
0.0159570723200297,547,857316.9572327486,0.0,857316.9572327486
0.0159659719415284,546,854646.187895575,0.0,854646.187895575
0.0159703558020917,544,851085.1621126768,0.0,851085.1621126768
0.0160049221833694,543,848414.3927755031,0.0,848414.3927755031
0.0160178013644108,542,845743.6234383293,0.0,845743.6234383293
0.0160538647068662,541,842182.5976554311,0.0,842182.5976554311
0.0160960911193388,539,835060.5460896346,0.0,835060.5460896346
0.0161047714426363,536,829719.0074152873,0.0,829719.0074152873
0.0161389692878763,535,827048.2380781136,0.0,827048.2380781136
0.0161853399683929,534,824377.46874094,0.0,824377.46874094
0.0161860201373677,533,820816.4429580418,0.0,820816.4429580418
0.0162326382934534,532,818145.6736208681,0.0,818145.6736208681
0.0162340560604699,531,816365.160729419,0.0,816365.160729419
0.0162669867302971,530,812804.1349465208,0.0,812804.1349465208
0.0162781730164521,529,809243.1091636225,0.0,809243.1091636225
0.0162792067002963,528,805682.0833807243,0.0,805682.0833807243
0.0162859320119559,527,802121.0575978261,0.0,802121.0575978261
0.016305187728745,526,799450.2882606525,0.0,799450.2882606525
0.016340827472657,525,796779.5189234788,0.0,796779.5189234788
0.0163609427252132,524,794108.749586305,0.0,794108.749586305
0.0163679459947992,523,791437.9802491313,0.0,791437.9802491313
0.0163939965868139,522,788767.2109119577,0.0,788767.2109119577
0.0164863561784095,521,785206.1851290595,0.0,785206.1851290595
0.0165091106501477,519,779864.6464547121,0.0,779864.6464547121
0.0165882203357843,517,774523.1077803648,0.0,774523.1077803648
0.0166031637799074,516,771852.3384431911,0.0,771852.3384431911
0.0166558493849403,515,768291.3126602928,0.0,768291.3126602928
0.0166611073785001,514,765620.5433231192,0.0,765620.5433231192
0.0166836271713221,513,762949.7739859455,0.0,762949.7739859455
0.0166882305821651,512,760279.0046487718,0.0,760279.0046487718
0.0167189054301832,511,757608.2353115982,0.0,757608.2353115982
0.0167244586884354,510,754937.4659744245,0.0,754937.4659744245
0.016725830695857,509,752266.6966372508,0.0,752266.6966372508
0.016779647931681,508,748705.6708543526,0.0,748705.6708543526
0.0168178571242643,507,746034.901517179,0.0,746034.901517179
0.0168208545844922,506,742473.8757342808,0.0,742473.8757342808
0.0168320998636729,505,739803.106397107,0.0,739803.106397107
0.0168339089620351,504,736242.0806142088,0.0,736242.0806142088
0.0168553480225017,501,725559.0032655142,0.0,725559.0032655142
0.0168896351637826,500,722888.2339283405,0.0,722888.2339283405
0.0170318547862962,499,720217.4645911668,0.0,720217.4645911668
0.0170603632129723,498,717546.6952539932,0.0,717546.6952539932
0.0171103604593503,497,713985.6694710949,0.0,713985.6694710949
0.0171431587668094,496,710424.6436881967,0.0,710424.6436881967
0.0171598326635311,495,706863.6179052985,0.0,706863.6179052985
0.0171600017872153,492,698851.3098937775,0.0,698851.3098937775
0.0171616625234849,491,695290.2841108792,0.0,695290.2841108792
0.0171666317526675,490,692619.5147737055,0.0,692619.5147737055
0.0171780628313952,489,689948.7454365318,0.0,689948.7454365318
0.0171870265525806,488,686387.7196536337,0.0,686387.7196536337
0.0172165500148801,487,682826.6938707354,0.0,682826.6938707354
0.0172195337108778,486,679265.6680878372,0.0,679265.6680878372
0.0172449175153771,485,676594.8987506635,0.0,676594.8987506635
0.0173251705401198,483,671253.3600763162,0.0,671253.3600763162
0.0173277118951793,482,668582.5907391425,0.0,668582.5907391425
0.0174421354792579,481,665021.5649562443,0.0,665021.5649562443
0.0174771631344884,480,661460.539173346,0.0,661460.539173346
0.0175505894482122,479,657899.5133904478,0.0,657899.5133904478
0.0175886760439732,477,652557.9747161005,0.0,652557.9747161005
0.0175907450945533,476,648996.9489332022,0.0,648996.9489332022
0.0176681557748287,475,646326.1795960285,0.0,646326.1795960285
0.0176897059988679,474,642765.1538131303,0.0,642765.1538131303
0.0177142263879916,473,639204.1280302322,0.0,639204.1280302322
0.0177638671964508,472,635643.1022473339,0.0,635643.1022473339
0.0178074547613804,471,632082.0764644357,0.0,632082.0764644357
0.017816749404561,470,629411.307127262,0.0,629411.307127262
0.0178410305983513,469,625850.2813443637,0.0,625850.2813443637
0.0178546386568098,468,622289.2555614655,0.0,622289.2555614655
0.0179034235041681,467,620508.7426700164,0.0,620508.7426700164
0.0179204022445635,465,613386.69110422,0.0,613386.69110422
0.0179653459650112,463,608045.1524298725,0.0,608045.1524298725
0.0179912908693074,462,604484.1266469744,0.0,604484.1266469744
0.0180145670601142,460,597362.0750811779,0.0,597362.0750811779
0.0180807408436527,459,593801.0492982797,0.0,593801.0492982797
0.0181548713143835,457,586678.9977324832,0.0,586678.9977324832
0.0181552775616511,455,579556.9461666867,0.0,579556.9461666867
0.0181988302853478,454,575995.9203837885,0.0,575995.9203837885
0.0182060961097654,453,573325.1510466149,0.0,573325.1510466149
0.0182404373404441,452,569764.1252637167,0.0,569764.1252637167
0.0182680866957041,451,566203.0994808184,0.0,566203.0994808184
0.0182750272625435,450,562642.0736979202,0.0,562642.0736979202
0.0182752464663295,449,560861.560806471,0.0,560861.560806471
0.0183007186147295,448,558190.7914692974,0.0,558190.7914692974
0.0183225546048574,447,554629.7656863992,0.0,554629.7656863992
0.0183394660521351,446,551958.9963492255,0.0,551958.9963492255
0.0183460631916008,444,546617.4576748782,0.0,546617.4576748782
0.0183511419978745,441,538605.1496633572,0.0,538605.1496633572
0.0184166608652805,440,535044.1238804589,0.0,535044.1238804589
0.0184274839674615,438,527922.0723146624,0.0,527922.0723146624
0.0185139625342879,437,526141.5594232134,0.0,526141.5594232134
0.0185317042687811,436,522580.5336403151,0.0,522580.5336403151
0.0185430701972301,435,519019.5078574169,0.0,519019.5078574169
0.018546509923773,434,516348.7385202432,0.0,516348.7385202432
0.0185863788002542,431,505665.66117154853,0.0,505665.66117154853
0.0186522102533343,430,502994.89183437487,0.0,502994.89183437487
0.0186738232869393,429,499433.8660514766,0.0,499433.8660514766
0.0187027316708438,426,491421.5580399556,0.0,491421.5580399556
0.0187777675018225,425,488750.78870278195,0.0,488750.78870278195
0.0188491989915331,423,485189.7629198837,0.0,485189.7629198837
0.0188758987429843,422,482518.99358271004,0.0,482518.99358271004
0.0188987744464403,421,478957.9677998118,0.0,478957.9677998118
0.0189030433543324,419,471835.9162340153,0.0,471835.9162340153
0.018938886191207,418,468274.8904511171,0.0,468274.8904511171
0.0189457452478447,417,464713.8646682189,0.0,464713.8646682189
0.0189474346663886,416,461152.83888532064,0.0,461152.83888532064
0.0189638007758161,415,457591.8131024224,0.0,457591.8131024224
0.0190494550540646,414,454030.7873195242,0.0,454030.7873195242
0.0190593818959372,413,450469.76153662597,0.0,450469.76153662597
0.0190718721144055,412,446908.7357537277,0.0,446908.7357537277
0.0191075439091288,410,441567.1970793804,0.0,441567.1970793804
0.0191888216450711,409,438006.17129648215,0.0,438006.17129648215
0.0191892237344992,408,436225.65840503306,0.0,436225.65840503306
0.0191992440797331,407,433554.8890678594,0.0,433554.8890678594
0.0192317381809123,406,429993.86328496115,0.0,429993.86328496115
0.0192678465961646,404,424652.3246106138,0.0,424652.3246106138
0.0192720536475055,403,421091.29882771557,0.0,421091.29882771557
0.0193408562777293,402,419310.7859362665,0.0,419310.7859362665
0.0193805843659635,400,413969.24726191914,0.0,413969.24726191914
0.0193850266086377,399,411298.4779247455,0.0,411298.4779247455
0.0193894225881279,398,407737.4521418472,0.0,407737.4521418472
0.0194388759266617,397,405956.9392503981,0.0,405956.9392503981
0.0195035672254334,394,400615.40057605074,0.0,400615.40057605074
0.0196496072412071,393,397054.3747931525,0.0,397054.3747931525
0.0196556068361163,392,393493.3490102543,0.0,393493.3490102543
0.0196621051955768,391,389932.3232273561,0.0,389932.3232273561
0.0197263664208589,389,384590.78455300874,0.0,384590.78455300874
0.0197298978307819,388,382810.2716615596,0.0,382810.2716615596
0.0197476389579163,387,379249.2458786614,0.0,379249.2458786614
0.0198008814863444,385,373907.70720431407,0.0,373907.70720431407
0.0198536069381701,384,370346.6814214158,0.0,370346.6814214158
0.0199340787444674,383,368566.1685299667,0.0,368566.1685299667
0.0199490281257996,381,365005.1427470685,0.0,365005.1427470685
0.0199809132906423,380,363224.62985561934,0.0,363224.62985561934
0.0200208719239845,379,359663.60407272115,0.0,359663.60407272115
0.0200881632932559,377,354322.06539837376,0.0,354322.06539837376
0.0201184110781717,375,348980.5267240264,0.0,348980.5267240264
0.0201270651602382,374,347200.01383257733,0.0,347200.01383257733
0.0201689924466798,373,343638.9880496791,0.0,343638.9880496791
0.0201778510334726,372,340077.96226678084,0.0,340077.96226678084
0.0203699909725654,370,332955.9107009844,0.0,332955.9107009844
0.0203861938727599,369,330285.14136381075,0.0,330285.14136381075
0.0205414984887228,367,326724.1155809125,0.0,326724.1155809125
0.0205908042532878,365,321382.57690656517,0.0,321382.57690656517
0.0206236819144687,363,314260.5253407687,0.0,314260.5253407687
0.0206240270843735,360,308918.98666642135,0.0,308918.98666642135
0.0207646284609519,359,307138.47377497226,0.0,307138.47377497226
0.0207786552142365,358,305357.9608835231,0.0,305357.9608835231
0.0208806699162539,355,300016.42220917577,0.0,300016.42220917577
0.0209467544909931,354,296455.3964262776,0.0,296455.3964262776
0.0209724750284733,352,292894.37064337934,0.0,292894.37064337934
0.0211175458932406,351,289333.3448604811,0.0,289333.3448604811
0.0211366473124291,350,287552.831969032,0.0,287552.831969032
0.0215114136788856,349,283991.80618613376,0.0,283991.80618613376
0.0215398970630475,348,280430.7804032355,0.0,280430.7804032355
0.0216340283366092,347,276869.7546203373,0.0,276869.7546203373
0.021700002293564,346,273308.7288374391,0.0,273308.7288374391
0.0217651066624748,344,266186.6772716426,0.0,266186.6772716426
0.021918189220309,343,262625.65148874436,0.0,262625.65148874436
0.0220639397204006,342,259954.88215157072,0.0,259954.88215157072
0.022154229237646,341,256393.85636867248,0.0,256393.85636867248
0.0221846515188348,340,253723.0870314988,0.0,253723.0870314988
0.0223104260271896,339,250162.06124860057,0.0,250162.06124860057
0.0224895012022396,338,246601.03546570236,0.0,246601.03546570236
0.0225801537618045,337,244820.52257425323,0.0,244820.52257425323
0.0225961003181177,336,243040.0096828041,0.0,243040.0096828041
0.0226581985668322,334,239478.9838999059,0.0,239478.9838999059
0.0228406541221587,333,236808.21456273223,0.0,236808.21456273223
0.0229695309593132,331,229686.16299693577,0.0,229686.16299693577
0.0231040547356644,329,224344.6243225884,0.0,224344.6243225884
0.0232463798529624,328,220783.5985396902,0.0,220783.5985396902
0.0236538471615449,327,217222.57275679195,0.0,217222.57275679195
0.0238780629402379,326,214551.80341961829,0.0,214551.80341961829
0.0243543172221437,324,209210.26474527095,0.0,209210.26474527095
0.0244678987222374,323,206539.49540809728,0.0,206539.49540809728
0.0247338044049373,322,202978.46962519904,0.0,202978.46962519904
0.0248362378313829,319,194966.16161367804,0.0,194966.16161367804
0.0255344954407266,318,191405.1358307798,0.0,191405.1358307798
0.0257959400414444,317,187844.11004788158,0.0,187844.11004788158
0.0259002364428109,316,185173.3407107079,0.0,185173.3407107079
0.0264978418412399,315,181612.31492780967,0.0,181612.31492780967
0.0266692254747632,313,176270.77625346233,0.0,176270.77625346233
0.0270871734686753,312,173600.00691628866,0.0,173600.00691628866
0.0272995264497356,311,170038.98113339042,0.0,170038.98113339042
0.0274850460566935,310,167368.21179621675,0.0,167368.21179621675
0.0282234304666535,307,159355.90378469575,0.0,159355.90378469575
0.0282436798235514,305,154014.36511034842,0.0,154014.36511034842
0.0293291849754633,304,151343.59577317472,0.0,151343.59577317472
0.0295221731964631,302,144221.54420737826,0.0,144221.54420737826
0.0301718697775542,301,140660.51842448005,0.0,140660.51842448005
0.0324054157376585,298,132648.21041295902,0.0,132648.21041295902
0.0326726530511132,297,129087.1846300608,0.0,129087.1846300608
0.0334951428765327,296,125526.15884716257,0.0,125526.15884716257
0.0335857423854678,295,121965.13306426434,0.0,121965.13306426434
0.0344223726829872,294,118404.10728136612,0.0,118404.10728136612
0.0363885913346757,293,114843.08149846789,0.0,114843.08149846789
0.1333192760434377,292,111282.05571556966,0.0,111282.05571556966
0.4342781421048067,291,111282.05571556966,5202.96,116485.01571556967
0.4595050492867268,290,111282.05571556966,11356.73,122638.78571556965
0.5775900723842115,289,111282.05571556966,17121.690000000002,128403.74571556966
0.5942102635124875,288,111282.05571556966,26500.9,137782.95571556967
0.6037312844931403,287,111282.05571556966,31911.480000000003,143193.53571556965
0.6082643567059727,286,111282.05571556966,38843.29,150125.34571556965
0.6126719513607217,285,111282.05571556966,42153.350000000006,153435.40571556968
0.7084170082093276,284,110391.7992698451,48852.95,159244.74926984508
0.7146279166343384,283,110391.7992698451,54669.380000000005,165061.1792698451
0.7151539210442782,282,110391.7992698451,67492.33,177884.12926984509
0.7168298942293708,281,110391.7992698451,71818.03,182209.8292698451
0.770529371927691,280,110391.7992698451,81636.84,192028.6392698451
0.7805497940390134,279,110391.7992698451,93580.76,203972.55926984508
0.7838730602935455,278,110391.7992698451,102475.77,212867.5692698451
0.7967236157874034,277,110391.7992698451,111369.9,221761.6992698451
0.8072991592343434,276,110391.7992698451,126108.74999999999,236500.54926984507
0.8096431280477933,275,110391.7992698451,136115.34,246507.1392698451
0.810189368540486,274,110391.7992698451,148904.14,259295.9392698451
0.8155312072012874,273,110391.7992698451,154394.37,264786.1692698451
0.8248228053038101,272,110391.7992698451,172170.53000000003,282562.32926984516
0.836103719011879,271,110391.7992698451,182790.69000000003,293182.48926984513
0.8470400218897461,270,110391.7992698451,194407.01,304798.80926984514
0.8491453884053567,269,110391.7992698451,209754.89000000004,320146.68926984514
0.8599084533374819,268,110391.7992698451,225441.60000000003,335833.3992698451
0.862016244114144,267,110391.7992698451,239335.48000000004,349727.2792698451
0.873230858077816,266,110391.7992698451,256726.96000000002,367118.7592698451
0.8760797681747982,265,110391.7992698451,268702.97000000003,379094.7692698451
0.8782072339925514,264,110391.7992698451,277558.41000000003,387950.20926984516
0.8812645677344746,263,110391.7992698451,288830.60000000003,399222.3992698451
0.8859841716611918,262,110391.7992698451,297125.48,407517.2792698451
0.8866447810760698,261,110391.7992698451,301529.4,411921.19926984515
0.8867930956417149,260,110391.7992698451,314210.87,424602.6692698451
0.8925310036654207,259,110391.7992698451,328058.42000000004,438450.21926984517
0.895251632997443,258,110391.7992698451,335734.92000000004,446126.71926984517
0.8973089423084829,257,110391.7992698451,345465.43,455857.22926984506
0.8977478283703139,256,110391.7992698451,363858.95,474250.7492698451
0.9014893925274988,255,110391.7992698451,375668.44,486060.2392698451
0.9018785017812468,254,110391.7992698451,383800.12,494191.9192698451
0.9025166340196824,253,110391.7992698451,396447.22,506839.0192698451
0.9060606686064896,252,110391.7992698451,410429.52999999997,520821.32926984504
0.9099749531031156,251,110391.7992698451,417479.6,527871.3992698451
0.9127109390236195,250,110391.7992698451,427649.72,538041.5192698451
0.9175328698201238,249,110391.7992698451,435513.52999999997,545905.329269845
0.9190617689470856,248,110391.7992698451,455021.68,565413.4792698451
0.919245078220157,247,110391.7992698451,465071.26999999996,575463.069269845
0.9192462900375112,246,110391.7992698451,477651.14999999997,588042.949269845
0.9206678228674018,245,110391.7992698451,486411.51999999996,596803.319269845
0.9257871557266896,244,110391.7992698451,501041.79999999993,611433.599269845
0.9261259604171748,243,110391.7992698451,511448.05999999994,621839.8592698451
0.9262086313297876,242,110391.7992698451,525815.76,636207.5592698451
0.9296625816440868,241,110391.7992698451,547253.8400000001,657645.6392698452
0.9301162341352416,240,110391.7992698451,564273.5,674665.2992698451
0.9364862301174424,239,110391.7992698451,569086.8300000001,679478.6292698452
0.9389844986998834,238,108611.28637839598,580398.47,689009.756378396
0.941505596491378,237,108611.28637839598,599625.48,708236.766378396
0.9441991270542992,236,108611.28637839598,611872.79,720484.076378396
0.9463035504136263,235,106830.77348694687,617671.62,724502.3934869468
0.947033672934016,234,106830.77348694687,627436.26,734267.0334869468
0.9492728231276372,233,106830.77348694687,640161.05,746991.8234869469
0.9496879674315524,232,106830.77348694687,653989.23,760820.0034869468
0.9519872986232892,231,106830.77348694687,661780.9,768611.6734869468
0.9528824834857984,230,106830.77348694687,681479.07,788309.8434869468
0.9531950167393904,229,106830.77348694687,706978.96,813809.7334869468
0.9548856540394798,228,104160.0041497732,717900.03,822060.0341497732
0.955297809468098,227,104160.0041497732,731187.54,835347.5441497732
0.955741690623174,226,101489.23481259952,740098.73,841587.9648125995
0.9558908521128284,225,101489.23481259952,756632.01,858121.2448125995
0.956219137926116,224,101489.23481259952,778963.22,880452.4548125995
0.9564532357597392,223,101489.23481259952,800851.0700000001,902340.3048125996
0.956980249191923,222,97928.20902970129,812208.0,910136.2090297013
0.9583161878373476,221,97928.20902970129,827281.8999999999,925210.1090297012
0.9604726353836268,220,97928.20902970129,850490.12,948418.3290297013
0.9614604571983172,219,97928.20902970129,877977.2,975905.4090297013
0.9618257373000914,218,97928.20902970129,896328.4299999999,994256.6390297012
0.962389678722699,217,97928.20902970129,917875.41,1015803.6190297013
0.9628251396651446,216,97928.20902970129,939557.74,1037485.9490297013
0.9634913545221492,215,97928.20902970129,961683.52,1059611.7290297013
0.9646544268817372,214,97928.20902970129,983440.87,1081369.0790297012
0.9649504795389242,213,97928.20902970129,1006025.6799999999,1103953.8890297012
0.9654430066174274,212,97928.20902970129,1023117.6799999999,1121045.8890297012
0.9663544408626434,211,97928.20902970129,1045954.4099999999,1143882.6190297012
0.9667156357378016,210,97928.20902970129,1053324.83,1151253.0390297014
0.9669606952642807,209,97928.20902970129,1080365.83,1178294.0390297014
0.9687831055781204,208,97928.20902970129,1098694.37,1196622.5790297014
0.9691985469948818,207,97928.20902970129,1135767.17,1233695.3790297012
0.9693700435696972,206,97928.20902970129,1154478.6999999997,1252406.909029701
0.9694667124539272,205,97928.20902970129,1173469.42,1271397.6290297012
0.9695951972091714,204,97928.20902970129,1197586.37,1295514.5790297014
0.9699902964050604,203,94367.18324680306,1213598.85,1307966.033246803
0.9700062059047844,202,94367.18324680306,1242462.24,1336829.423246803
0.9709635896573692,201,94367.18324680306,1262004.91,1356372.093246803
0.9711942708577902,200,94367.18324680306,1275081.47,1369448.653246803
0.9713076430896844,199,94367.18324680306,1305068.43,1399435.613246803
0.9715977679654996,198,91696.4139096294,1323512.83,1415209.2439096295
0.971854987081887,197,91696.4139096294,1343501.21,1435197.6239096294
0.9718741185411196,196,91696.4139096294,1369207.43,1460903.8439096294
0.9730903962712456,195,91696.4139096294,1397518.49,1489214.9039096294
0.9750246244600086,194,91696.4139096294,1420030.24,1511726.6539096294
0.97533327467554,193,91696.4139096294,1446931.53,1538627.9439096295
0.9759768349713914,192,91696.4139096294,1485230.46,1576926.8739096294
0.9766721770281404,191,91696.4139096294,1513870.9,1605567.3139096294
0.9767032593637426,190,91696.4139096294,1537072.4100000001,1628768.8239096296
0.9771750064366478,189,91696.4139096294,1562603.28,1654299.6939096295
0.9772984471332968,188,91696.4139096294,1581878.1,1673574.5139096295
0.978254825920452,187,91696.4139096294,1595862.03,1687558.4439096295
0.9783925681518364,186,91696.4139096294,1615978.62,1707675.0339096296
0.9795515790998924,185,91696.4139096294,1638051.5499999998,1729747.9639096293
0.9796327203493174,184,91696.4139096294,1642822.35,1734518.7639096295
0.9808525677692252,183,91696.4139096294,1658556.16,1750252.5739096294
0.9809899988987928,182,91696.4139096294,1676897.8199999998,1768594.2339096293
0.9811445033424132,181,91696.4139096294,1700716.48,1792412.8939096294
0.982601802640488,180,91696.4139096294,1729273.6,1820970.0139096295
0.9826194778260008,179,91696.4139096294,1760160.51,1851856.9239096295
0.9828052330685112,178,91696.4139096294,1784004.9500000002,1875701.3639096296
0.9833060334594956,177,91696.4139096294,1800336.18,1892032.5939096294
0.9837308897962508,176,91696.4139096294,1815145.79,1906842.2039096295
0.9840604593413288,175,91696.4139096294,1826446.62,1918143.0339096296
0.9847762905663529,174,91696.4139096294,1843393.8599999999,1935090.2739096293
0.9849552052177988,173,91696.4139096294,1856111.5899999999,1947808.0039096293
0.9850905907970734,172,91696.4139096294,1879625.5,1971321.9139096295
0.9852239070596064,171,91696.4139096294,1904621.6400000001,1996318.0539096296
0.9855105691435904,170,91696.4139096294,1937909.77,2029606.1839096295
0.9857365231738336,169,90806.15746390483,1954356.2400000002,2045162.3974639052
0.985931950949379,168,90806.15746390483,1993028.48,2083834.637463905
0.9861933597379446,167,90806.15746390483,2024231.3199999998,2115037.477463905
0.986201648838734,166,90806.15746390483,2058004.1600000001,2148810.317463905
0.9862098539043096,165,90806.15746390483,2105296.2,2196102.357463905
0.986345057287898,164,89915.90101818029,2123353.9800000004,2213269.881018181
0.9863706529897808,163,89915.90101818029,2154228.45,2244144.3510181806
0.9864735852237267,162,89915.90101818029,2177780.6100000003,2267696.5110181808
0.9869911912834384,161,89915.90101818029,2211563.5200000005,2301479.421018181
0.9872759848101706,160,89915.90101818029,2239580.5700000003,2329496.4710181807
0.9875695690724748,159,86354.87523528206,2250440.21,2336795.085235282
0.987708303230744,158,86354.87523528206,2276661.87,2363016.745235282
0.987822314247134,157,86354.87523528206,2300491.3,2386846.1752352817
0.9885443759616992,156,86354.87523528206,2333770.75,2420125.625235282
0.9888481249688892,155,86354.87523528206,2368500.82,2454855.6952352817
0.9889123674831992,154,86354.87523528206,2401655.3899999997,2488010.2652352815
0.9889414616186324,153,86354.87523528206,2430449.3200000003,2516804.195235282
0.9889927303386196,152,86354.87523528206,2447668.63,2534023.505235282
0.9892107552022478,151,82793.84945238382,2455912.17,2538706.0194523837
0.989584161257059,150,82793.84945238382,2493441.75,2576235.599452384
0.989933943060716,149,82793.84945238382,2521890.08,2604683.929452384
0.9903655898450556,148,82793.84945238382,2557035.55,2639829.3994523836
0.9903823704500128,147,82793.84945238382,2590711.02,2673504.869452384
0.9905973286882576,146,82793.84945238382,2618037.34,2700831.1894523837
0.9908303175879974,145,82793.84945238382,2651958.99,2734752.839452384
0.9910246386296452,144,82793.84945238382,2689499.95,2772293.799452384
0.9910894399554344,143,82793.84945238382,2720058.38,2802852.2294523837
0.9912276673644208,142,82793.84945238382,2747923.48,2830717.329452384
0.9912779489454676,141,80123.08011521015,2784584.6900000004,2864707.7701152107
0.9914996678801096,140,80123.08011521015,2813144.6100000003,2893267.6901152106
0.9915929935591848,139,80123.08011521015,2846169.3400000003,2926292.4201152106
0.991875896613263,138,80123.08011521015,2876074.1900000004,2956197.2701152107
0.991966077811343,137,80123.08011521015,2917113.91,2997236.9901152104
0.9921700070883682,136,78342.56722376104,2947641.83,3025984.3972237613
0.9923672022077438,135,78342.56722376104,2969032.52,3047375.0872237612
0.9927183045408292,134,78342.56722376104,3007344.14,3085686.7072237614
0.992775743770051,133,78342.56722376104,3030770.3200000003,3109112.8872237615
0.9928176408250176,132,78342.56722376104,3055433.4400000004,3133776.0072237616
0.9928178779955,131,73891.28499513825,3069518.59,3143409.874995138
0.992866159321243,130,73891.28499513825,3094445.98,3168337.264995138
0.9933119445698432,129,73891.28499513825,3126704.09,3200595.374995138
0.9935185265224884,128,72110.77210368913,3151388.09,3223498.862103689
0.9936111435530092,127,63208.20764644357,3173460.8499999996,3236669.057646443
0.993762921999218,126,63208.20764644357,3199053.98,3262262.1876464435
0.9939723296132998,125,63208.20764644357,3244830.8600000003,3308039.067646444
0.9939741857384482,124,63208.20764644357,3270487.79,3333695.9976464435
0.9940488947119016,123,63208.20764644357,3308107.61,3371315.8176464434
0.9941619988145723,122,63208.20764644357,3335695.72,3398903.9276464437
0.9942557038666772,121,63208.20764644357,3376565.51,3439773.7176464433
0.9943543321450128,120,63208.20764644357,3411978.4,3475186.6076464434
0.9944226248550648,119,63208.20764644357,3442267.34,3505475.5476464434
0.9944349980254096,118,63208.20764644357,3479832.9499999997,3543041.157646443
0.9944633237078166,117,63208.20764644357,3508072.56,3571280.7676464436
0.994471537378629,116,63208.20764644357,3543268.79,3606476.9976464435
0.9945411078695214,115,63208.20764644357,3579629.7199999997,3642837.9276464432
0.9947429024111892,114,63208.20764644357,3623462.52,3686670.7276464435
0.9948138203843012,113,63208.20764644357,3652521.74,3715729.9476464437
0.9950218266936784,112,63208.20764644357,3691904.17,3755112.3776464434
0.9950370984606834,111,63208.20764644357,3734430.09,3797638.2976464434
0.9950694321949616,110,63208.20764644357,3777888.22,3841096.4276464437
0.9951225345092544,109,63208.20764644357,3818174.79,3881382.9976464435
0.995158609342963,108,59647.18186354534,3848944.5200000005,3908591.701863546
0.995182082587016,107,57866.668972096224,3876002.59,3933869.2589720963
0.9953707174755748,106,56086.1560806471,3913319.25,3969405.406080647
0.995421530544788,105,56086.1560806471,3958950.3,4015036.4560806467
0.995649974003412,104,53415.386743473435,3973641.75,4027057.1367434734
0.9957346154677316,103,53415.386743473435,4010021.13,4063436.5167434732
0.9957920311826924,102,53415.386743473435,4047913.7800000003,4101329.1667434736
0.9958232861009908,101,53415.386743473435,4079618.6300000004,4133034.0167434737
0.995854604221681,100,53415.386743473435,4105727.9200000004,4159143.3067434737
0.9959835441656076,99,53415.386743473435,4144069.75,4197485.136743474
0.9961750933446714,98,51634.87385202432,4167548.3400000003,4219183.213852025
0.9962917666054156,97,51634.87385202432,4202094.8100000005,4253729.683852024
0.996379014068619,96,51634.87385202432,4243527.23,4295162.103852024
0.9963878890681948,95,51634.87385202432,4281474.67,4333109.543852024
0.9964357159935991,94,51634.87385202432,4322367.720000001,4374002.5938520245
0.9964431866910944,93,51634.87385202432,4362931.32,4414566.193852024
0.9964933937582618,92,51634.87385202432,4393836.16,4445471.033852024
0.9965491394316516,91,51634.87385202432,4426986.9399999995,4478621.813852023
0.9965629538197198,90,48964.104514850646,4457123.46,4506087.56451485
0.9965731475369408,89,46293.33517767698,4481358.57,4527651.905177677
0.9967715923579,88,46293.33517767698,4506665.28,4552958.615177677
0.9968728185956998,87,46293.33517767698,4520653.5200000005,4566946.855177677
0.9968729725077086,86,46293.33517767698,4558929.67,4605223.005177677
0.9969504207384324,85,46293.33517767698,4592162.92,4638456.255177677
0.9970945251622464,84,46293.33517767698,4625405.95,4671699.285177677
0.997095296209694,83,46293.33517767698,4668815.5,4715108.835177677
0.9971696368081956,82,46293.33517767698,4707198.59,4753491.925177677
0.9971934076134444,81,44512.82228622786,4729876.53,4774389.352286228
0.9972444970064548,80,42732.30939477875,4770119.470000001,4812851.779394779
0.997265129419128,79,42732.30939477875,4801215.220000001,4843947.529394779
0.9973560731324684,78,42732.30939477875,4828930.54,4871662.849394779
0.9975008765156363,77,42732.30939477875,4864876.01,4907608.319394778
0.9975294748784898,76,42732.30939477875,4906274.98,4949007.289394779
0.9976317999574774,75,39171.28361188052,4926064.43,4965235.71361188
0.997646585267894,74,39171.28361188052,4960606.029999999,4999777.31361188
0.9977284542945803,73,39171.28361188052,4991787.85,5030959.13361188
0.9977316540284448,72,39171.28361188052,5032278.0600000005,5071449.343611881
0.9977770589843584,71,39171.28361188052,5058274.68,5097445.96361188
0.9978296697662355,70,39171.28361188052,5089153.41,5128324.693611881
0.997905063488668,69,39171.28361188052,5138801.29,5177972.573611881
0.997918965186227,68,39171.28361188052,5165757.8100000005,5204929.093611881
0.997922638571857,67,39171.28361188052,5197170.35,5236341.63361188
0.9979489707945932,66,39171.28361188052,5232606.970000001,5271778.253611881
0.997964705692328,65,39171.28361188052,5273509.85,5312681.13361188
0.9981261484138392,64,39171.28361188052,5313988.48,5353159.763611881
0.9981363797933644,63,39171.28361188052,5351260.65,5390431.933611881
0.9981817354333422,62,39171.28361188052,5391463.01,5430634.29361188
0.9982552059331324,61,39171.28361188052,5428250.54,5467421.823611881
0.9982756260345887,60,39171.28361188052,5455938.23,5495109.513611881
0.9982867844771364,59,37390.77072043141,5494249.52,5531640.290720431
0.9982878950565908,58,37390.77072043141,5541835.04,5579225.810720432
0.9983142777232056,57,34720.00138325773,5588699.039999999,5623419.041383257
0.9983602009646134,56,34720.00138325773,5607705.609999999,5642425.611383257
0.9983804301369676,55,34720.00138325773,5642698.43,5677418.431383258
0.9984061912228286,54,34720.00138325773,5675077.79,5709797.791383258
0.9984107094023904,53,34720.00138325773,5692731.42,5727451.421383258
0.9984248498740108,52,33829.74493753318,5711459.93,5745289.674937533
0.9984273613605276,51,33829.74493753318,5742148.1,5775977.844937533
0.9984367315428844,50,33829.74493753318,5766567.710000001,5800397.454937534
0.9984460942709809,49,33829.74493753318,5809713.890000001,5843543.634937534
0.9984462646898415,48,31158.975600359503,5846533.870000001,5877692.845600361
0.998456567165688,47,31158.975600359503,5878833.41,5909992.38560036
0.9984623069383108,46,31158.975600359503,5915622.59,5946781.56560036
0.998519356085576,45,31158.975600359503,5956136.71,5987295.68560036
0.9985689793039264,44,31158.975600359503,5995475.18,6026634.15560036
0.9986085387655304,43,29378.46270891039,6018967.1,6048345.56270891
0.998610497375537,42,29378.46270891039,6055026.51,6084404.97270891
0.9986256617153968,41,29378.46270891039,6097124.41,6126502.87270891
0.9986788791500392,40,26707.693371736717,6130828.959999999,6157536.6533717355
0.998740209834915,39,26707.693371736717,6186287.5,6212995.193371736
0.99874118050945,38,24927.180480287603,6222874.48,6247801.660480288
0.9987567992471562,37,24927.180480287603,6255906.09,6280833.270480287
0.9987832933648022,36,24927.180480287603,6300813.48,6325740.660480288
0.9987967116406794,35,24927.180480287603,6346796.98,6371724.160480288
0.998866491801122,34,24927.180480287603,6389731.7,6414658.880480288
0.998905245102773,33,21366.154697389375,6412982.48,6434348.63469739
0.9989100541662486,32,21366.154697389375,6451585.470000001,6472951.62469739
0.99891890726429,31,21366.154697389375,6489773.460000001,6511139.61469739
0.9989214551264256,30,21366.154697389375,6537842.0200000005,6559208.17469739
0.9989490204058864,29,21366.154697389375,6564110.71,6585476.864697389
0.9989596482809238,28,18695.385360215703,6611007.13,6629702.515360216
0.9989899414185548,27,18695.385360215703,6621900.140000001,6640595.525360216
0.9990270813110164,26,18695.385360215703,6654093.09,6672788.475360216
0.9990556614557964,25,15134.359577317473,6685082.34,6700216.699577318
0.9991087225978804,24,13353.846685868359,6724751.13,6738104.976685869
0.999127069685447,23,11573.333794419244,6768223.75,6779797.08379442
0.999203572825456,22,11573.333794419244,6806469.03,6818042.36379442
0.9992054423300818,21,9792.82090297013,6862426.09,6872218.91090297
0.9992259211061018,20,9792.82090297013,6879940.600000001,6889733.42090297
0.9992344104527132,19,9792.82090297013,6922291.140000001,6932083.96090297
0.9992369303406012,18,7122.051565796458,6960700.3100000005,6967822.361565797
0.9994013109508244,17,7122.051565796458,7005533.71,7012655.761565796
0.9994468865746058,16,7122.051565796458,7044428.67,7051550.721565796
0.9995428490582569,15,7122.051565796458,7083383.890000001,7090505.941565797
0.9995451896910326,14,3561.025782898229,7119737.0200000005,7123298.045782899
0.9995495391175564,13,3561.025782898229,7143454.950000001,7147015.975782899
0.999589885234534,12,3561.025782898229,7181242.67,7184803.695782898
0.9996137018183902,11,3561.025782898229,7212541.51,7216102.535782898
0.9997044949412914,10,3561.025782898229,7256250.5600000005,7259811.585782899
0.999707139841306,9,3561.025782898229,7300268.8100000005,7303829.835782899
0.999711666384602,8,1780.5128914491145,7336641.03,7338421.542891449
0.999886428471532,7,1780.5128914491145,7367748.550000001,7369529.06289145
0.9999741615243984,6,1780.5128914491145,7406380.84,7408161.352891449
0.9999827005441828,5,1780.5128914491145,7413515.28,7415295.792891449
0.9999861631436076,4,1780.5128914491145,7444460.390000001,7446240.90289145
0.9999884553771684,3,1780.5128914491145,7485783.710000001,7487564.22289145
0.9999980011231708,2,0.0,7527826.61,7527826.61
0.9999993236171896,1,0.0,7570222.59,7570222.59
1.0001,0,0.0,7621216.08,7621216.08
