cluster_id,cluster_size,entity_reuse_ratio,internal_density,mean_degree_centrality,max_degree_centrality,mean_pagerank,max_pagerank,mean_betweenness_centrality,max_betweenness_centrality,creation_span_days,creation_std_days,avg_order_amount,order_amount_cv
0,26,0.7307692307692308,0.8153846153846154,0.033917829258927425,0.03993344425956739,0.0016611295681063128,0.002012318315957962,1.989084651072173e-05,4.4894385298797066e-05,314,96.21942871134947,529.3035555555556,0.5878839308167134
1,28,0.6551724137931034,0.6851851851851852,0.03161397670549084,0.03993344425956739,0.0016498672894890132,0.002099285087702218,0.00010833333333333334,0.00029035052910052916,610,117.17187664814745,692.6172131147541,0.7892161307818517
2,2,0.08333333333333337,1.0,0.0016638935108153079,0.0016638935108153079,0.0016611295681063123,0.0016611295681063123,0.0,0.0,525,371.23106012293744,863.1742857142856,0.6433704766540235
3,3,0.11111111111111116,1.0,0.0033277870216306157,0.0033277870216306157,0.0016611295681063121,0.0016611295681063123,0.0,0.0,307,159.56921173375937,1067.0,0.48271331567786213
4,27,0.7407407407407407,0.7378917378917379,0.03192210513341961,0.03993344425956739,0.001661129568106312,0.0019743111181807628,2.161828407137246e-05,6.187041272567589e-05,351,121.34686925529918,762.7748387096773,0.7985276883655971
5,31,0.6774193548387097,0.6881720430107527,0.03472706779024206,0.04658901830282862,0.0016529532044739254,0.0021315596734686497,0.0003428339985683325,0.0017030528404057817,343,82.38272864195885,461.92199999999997,0.4485015932194763
6,20,0.65,0.6473684210526316,0.020465890183028284,0.026622296173044926,0.0016611295681063117,0.002030763937192595,1.3340728715728714e-05,6.146825396825398e-05,304,100.96435014399883,533.85,0.6829501304729978
7,24,0.6288659793814433,0.6123188405797102,0.023987798114254024,0.03161397670549085,0.001657100088740324,0.0021731674038644126,0.0002653871358572403,0.0036375,49,16.949840749967986,541.8997826086958,0.6860189573672966
8,2,0.0714285714285714,1.0,0.0016638935108153079,0.0016638935108153079,0.0016611295681063123,0.0016611295681063123,0.0,0.0,94,66.46803743153546,947.582,0.5211687210051867
9,13,0.6346153846153846,0.7307692307692307,0.014591066171765003,0.018302828618968387,0.0016611295681063125,0.0020213223274724284,2.5641025641025644e-06,6.6666666666666675e-06,368,145.32434987525895,603.3349999999999,0.8519731128315335
10,26,0.625,0.5753846153846154,0.023934468194035583,0.03494176372712147,0.0016611295681063125,0.002249409691882448,3.4729264950710174e-05,9.22839197839198e-05,397,130.64105256535794,628.5545901639343,0.5410388858383568
11,22,0.6818181818181819,0.7532467532467533,0.026319770080169412,0.03161397670549085,0.0016611295681063134,0.0020953147386147467,8.348579370158801e-06,1.883507696007696e-05,376,108.34097209166175,596.6758333333333,0.5700679998960484
12,3,0.11111111111111116,1.0,0.0033277870216306157,0.0033277870216306157,0.0016611295681063121,0.0016611295681063123,0.0,0.0,220,110.09692699314243,1079.0881818181817,0.5143753009176534
13,21,0.7023809523809523,0.7761904761904762,0.02582996592979954,0.033277870216306155,0.0016611295681063125,0.0020509108945085037,1.033329901175019e-05,2.476107226107226e-05,250,84.72108300040732,445.5126190476191,0.6306419939937532
14,3,0.11111111111111116,1.0,0.0033277870216306157,0.0033277870216306157,0.0016611295681063121,0.0016611295681063123,0.0,0.0,260,139.36642350293704,791.8787500000001,0.48411203241185496
15,41,0.6783625730994152,0.6109756097560975,0.04151617223326976,0.07154742096505824,0.001675003008932858,0.002545217225964443,0.0004888964389604222,0.010770897254492885,348,96.65542897954317,513.0621590909091,0.5794358260923227
16,23,0.6086956521739131,0.5652173913043478,0.02105187007161976,0.029950083194675542,0.001654046891841038,0.002243255682369677,0.00014082881822107606,0.0007881986215538848,414,113.73158540083121,644.4455319148936,0.6218720229680875
17,2,0.09090909090909094,1.0,0.0016638935108153079,0.0016638935108153079,0.0016611295681063123,0.0016611295681063123,0.0,0.0,159,112.42997820866107,1261.3799999999999,0.41537037099393154
18,19,0.6493506493506493,0.7017543859649122,0.02215605569664594,0.029950083194675542,0.001674793202784471,0.002092119206990507,0.00039125702513860414,0.0036333333333333335,24,5.880386668274549,564.62025,0.457364496278232
19,39,0.6987179487179487,0.7004048582995951,0.044285165749392036,0.05490848585690516,0.0016611295681063115,0.0021239127444905312,2.867561971029468e-05,5.157578017098141e-05,349,89.3796509128389,540.1882666666666,0.6142104227813596
20,32,0.6875,0.7298387096774194,0.037645590682196334,0.04658901830282862,0.001661129568106312,0.002169362986205895,1.4071645406478107e-05,2.9864903614903613e-05,353,96.6746914540819,575.7745000000001,0.7505210509984933
21,6,0.33333333333333337,0.4,0.0033277870216306157,0.004991680532445923,0.0016611295681063121,0.0024671321939011637,0.0,0.0,261,102.29760505505494,433.70909090909095,0.4997329213297391
22,2,0.09999999999999998,1.0,0.0016638935108153079,0.0016638935108153079,0.0016611295681063123,0.0016611295681063123,0.0,0.0,118,83.4386001800126,1104.7040000000002,0.42859183789152355
23,2,0.08333333333333337,1.0,0.0016638935108153079,0.0016638935108153079,0.0016611295681063123,0.0016611295681063123,0.0,0.0,1,0.7071067811865475,955.9449999999999,0.36027088468660584
24,34,0.6397058823529411,0.5365418894830659,0.029460702750318098,0.048252911813643926,0.0016611295681063123,0.002258334164696795,3.434906602167446e-05,0.00013186507936507937,111,38.70189786555334,601.3985714285714,0.5875259130201738
25,20,0.7125,0.7842105263157895,0.02479201331114808,0.029950083194675542,0.0016611295681063123,0.0019788155577282127,2.4223961597698978e-05,4.9128325378325386e-05,314,105.43873252173259,579.4075675675676,0.5977707391720819
26,2,0.08333333333333337,1.0,0.0016638935108153079,0.0016638935108153079,0.0016611295681063123,0.0016611295681063123,0.0,0.0,160,113.13708498984758,678.82375,0.38176848630333765
27,21,0.7142857142857143,0.719047619047619,0.023928373346010612,0.029950083194675542,0.0016611295681063123,0.002005526426185407,4.15132522822518e-05,0.00010872451529017184,216,81.2169932957383,577.7767346938775,0.6177055030141736
28,3,0.11111111111111116,1.0,0.0033277870216306157,0.0033277870216306157,0.0016611295681063121,0.0016611295681063123,0.0,0.0,535,270.1598292369414,631.9154545454545,0.5883724538083364
29,2,0.0714285714285714,1.0,0.0016638935108153079,0.0016638935108153079,0.0016611295681063123,0.0016611295681063123,0.0,0.0,408,288.4995667241114,824.75,0.21115350190921395
30,3,0.11111111111111116,1.0,0.0033277870216306157,0.0033277870216306157,0.0016611295681063121,0.0016611295681063123,0.0,0.0,342,195.46440426157736,1608.815,0.8179238696172958
31,4,0.13636363636363635,1.0,0.004991680532445923,0.004991680532445923,0.0016611295681063123,0.0016611295681063123,0.0,0.0,614,276.3963036414682,1033.951,0.7107264827204257
32,4,0.13636363636363635,1.0,0.004991680532445923,0.004991680532445923,0.0016611295681063123,0.0016611295681063123,0.0,0.0,692,341.9223839801464,1010.8790909090908,0.42328626632562577
33,4,0.13043478260869568,1.0,0.004991680532445923,0.004991680532445923,0.0016611295681063123,0.0016611295681063123,0.0,0.0,528,234.45539732182178,891.9640000000002,0.3723068361812247
34,4,0.11538461538461542,1.0,0.004991680532445923,0.004991680532445923,0.0016611295681063123,0.0016611295681063123,0.0,0.0,277,129.37638888143385,855.8108333333334,0.45934166966502943
35,4,0.12,1.0,0.004991680532445923,0.004991680532445923,0.0016611295681063123,0.0016611295681063123,0.0,0.0,406,194.30624453852906,922.1209999999999,0.3794425661545323
36,2,0.09090909090909094,1.0,0.0016638935108153079,0.0016638935108153079,0.0016611295681063123,0.0016611295681063123,0.0,0.0,137,96.87362902255703,779.9939999999999,0.446541064229656
37,2,0.07692307692307687,1.0,0.0016638935108153079,0.0016638935108153079,0.0016611295681063123,0.0016611295681063123,0.0,0.0,218,154.14927829866735,1320.4655555555555,0.6279528372215231
38,2,0.07692307692307687,1.0,0.0016638935108153079,0.0016638935108153079,0.0016611295681063123,0.0016611295681063123,0.0,0.0,93,65.76093065034893,681.1933333333333,0.5540612982381931
39,2,0.09090909090909094,1.0,0.0016638935108153079,0.0016638935108153079,0.0016611295681063123,0.0016611295681063123,0.0,0.0,124,87.6812408671319,887.766,0.29364327522886496
40,4,0.12,1.0,0.004991680532445923,0.004991680532445923,0.0016611295681063123,0.0016611295681063123,0.0,0.0,534,222.3353323248467,837.39875,0.3642447871557695
41,7,0.3571428571428571,0.6190476190476191,0.006180175897314001,0.008319467554076539,0.0016611295681063123,0.0021536527468878474,0.0,0.0,118,42.96122282555126,447.4176923076923,0.4899885680067002
42,2,0.08333333333333337,1.0,0.0016638935108153079,0.0016638935108153079,0.0016611295681063123,0.0016611295681063123,0.0,0.0,554,391.7371567773473,775.2520000000001,0.33148046567892925
43,4,0.125,1.0,0.004991680532445923,0.004991680532445923,0.0016611295681063123,0.0016611295681063123,0.0,0.0,600,277.31615531735616,740.861052631579,0.798140313559439
44,4,0.12,1.0,0.004991680532445923,0.004991680532445923,0.0016611295681063123,0.0016611295681063123,0.0,0.0,257,114.38094246857733,892.2691666666668,0.47115878519213206
45,4,0.13043478260869568,1.0,0.004991680532445923,0.004991680532445923,0.0016611295681063123,0.0016611295681063123,0.0,0.0,456,189.94736112934027,976.8976923076923,0.6395763636292233
46,3,0.11764705882352944,1.0,0.0033277870216306157,0.0033277870216306157,0.0016611295681063121,0.0016611295681063123,0.0,0.0,586,293.6188004879796,817.632,0.5116955181137766
47,3,0.09999999999999998,1.0,0.0033277870216306157,0.0033277870216306157,0.0016611295681063121,0.0016611295681063123,0.0,0.0,312,162.53102267977437,995.024,0.5100297097442943
48,2,0.07692307692307687,1.0,0.0016638935108153079,0.0016638935108153079,0.0016611295681063123,0.0016611295681063123,0.0,0.0,56,39.59797974644666,810.97,0.702382421597956
49,2,0.09999999999999998,1.0,0.0016638935108153079,0.0016638935108153079,0.0016611295681063123,0.0016611295681063123,0.0,0.0,143,101.11626970967629,697.9699999999999,0.16826686875129854
50,2,0.11111111111111116,1.0,0.0016638935108153079,0.0016638935108153079,0.0016611295681063123,0.0016611295681063123,0.0,0.0,328,231.93102422918759,973.9040000000001,0.5426117543380934
51,3,0.11111111111111116,1.0,0.0033277870216306157,0.0033277870216306157,0.0016611295681063121,0.0016611295681063123,0.0,0.0,470,236.3690617092967,962.0925000000001,0.5156497846630259
52,2,0.08333333333333337,1.0,0.0016638935108153079,0.0016638935108153079,0.0016611295681063123,0.0016611295681063123,0.0,0.0,637,450.4270196158307,1186.855,0.47900942678791514
53,3,0.125,1.0,0.0033277870216306157,0.0033277870216306157,0.0016611295681063121,0.0016611295681063123,0.0,0.0,463,250.88709279939718,832.7976923076924,0.26304616097303596
54,3,0.11111111111111116,1.0,0.0033277870216306157,0.0033277870216306157,0.0016611295681063121,0.0016611295681063123,0.0,0.0,220,114.98405686586874,624.245,0.5731683336490739
55,2,0.08333333333333337,1.0,0.0016638935108153079,0.0016638935108153079,0.0016611295681063123,0.0016611295681063123,0.0,0.0,29,20.506096654409877,862.2077777777778,0.4505046520183036
56,3,0.10526315789473684,1.0,0.0033277870216306157,0.0033277870216306157,0.0016611295681063121,0.0016611295681063123,0.0,0.0,181,94.56391136862588,929.7045454545455,0.6371583493820389
57,3,0.10526315789473684,1.0,0.0033277870216306157,0.0033277870216306157,0.0016611295681063121,0.0016611295681063123,0.0,0.0,245,126.05686547480599,787.7690909090908,0.3682985010499303
58,4,0.11538461538461542,1.0,0.004991680532445923,0.004991680532445923,0.0016611295681063123,0.0016611295681063123,0.0,0.0,486,242.40513608420096,724.3770000000001,0.42667518585888503
59,4,0.13043478260869568,1.0,0.004991680532445923,0.004991680532445923,0.0016611295681063123,0.0016611295681063123,0.0,0.0,313,141.7000940954757,925.2133333333333,0.5117038719176206
60,3,0.125,1.0,0.0033277870216306157,0.0033277870216306157,0.0016611295681063121,0.0016611295681063123,0.0,0.0,180,94.87535682849015,669.81,0.5666136886458895
61,3,0.11111111111111116,1.0,0.0033277870216306157,0.0033277870216306157,0.0016611295681063121,0.0016611295681063123,0.0,0.0,453,232.9785397842471,1038.0877777777778,0.3249051270018271
62,2,0.09090909090909094,1.0,0.0016638935108153079,0.0016638935108153079,0.0016611295681063123,0.0016611295681063123,0.0,0.0,451,318.9051583151329,1119.01,0.4718527282649214
