referrer_id,referred_id,is_ring_referral
ACCdc416ba257,ACC3471daf407,True
ACC3471daf407,ACC63a97ca9b6,True
ACC63a97ca9b6,ACC4ab2408188,True
ACC4ab2408188,ACCe5a250a531,True
ACCe5a250a531,ACC55efac37a4,True
ACCdc416ba257,ACC774f2997e8,True
ACC774f2997e8,ACC7c1b6ff174,True
ACCdc416ba257,ACCc535793f2f,True
ACCc535793f2f,ACC0fec4dae5e,True
ACC0fec4dae5e,ACC6a6741001e,True
ACC6a6741001e,ACC73470e0c0b,True
ACCdc416ba257,ACC487b8f6d47,True
ACC487b8f6d47,ACC3b341e0933,True
ACC3b341e0933,ACC3d0de93a53,True
ACC3d0de93a53,ACC4ef12d461e,True
ACCcee837366b,ACCb6788d8536,True
ACCb6788d8536,ACCde6226247e,True
ACCcee837366b,ACC58c784e083,True
ACC58c784e083,ACCf25a7df2e0,True
ACCf25a7df2e0,ACCde947164b3,True
ACCcee837366b,ACCa9a61dfcbc,True
ACCa9a61dfcbc,ACC60990e8d0c,True
ACCd1fb110b94,ACC4d06223886,True
ACC4d06223886,ACCbcb7aab9a5,True
ACCd1fb110b94,ACC0da8c4beb3,True
ACC0da8c4beb3,ACC48d33544a8,True
ACC48d33544a8,ACC7fffcd4abd,True
ACCffaf605123,ACC4a582b47fc,True
ACC4a582b47fc,ACC3ff12bdc41,True
ACC3ff12bdc41,ACC52e11a3711,True
ACCffaf605123,ACC1ad00e4bb5,True
ACC1ad00e4bb5,ACC1d2b22f88d,True
ACCe85fae8988,ACCd38eeea3f6,True
ACCd38eeea3f6,ACCc80906b20e,True
ACCe85fae8988,ACCdc37dbb738,True
ACCdc37dbb738,ACC9d87454a9b,True
ACC9d87454a9b,ACCad73add770,True
ACCad73add770,ACCa1f8856b20,True
ACCa1f8856b20,ACCc9014b286b,True
ACC7cbda6d976,ACC8ab153b5de,True
ACC8ab153b5de,ACCc6073c1115,True
ACCc6073c1115,ACC008d9f39a3,True
ACC7cbda6d976,ACCb67f6e8a50,True
ACCb67f6e8a50,ACC0ed235fa25,True
ACC7cbda6d976,ACC8ff0fdb3e3,True
ACC8ff0fdb3e3,ACC34a44f99b1,True
ACC34a44f99b1,ACC245af4c0c3,True
ACC245af4c0c3,ACC553c8d59d7,True
ACC034024f7b3,ACCbd377eb92b,True
ACCbd377eb92b,ACCecbe80a96a,True
ACCecbe80a96a,ACC307565df21,True
ACC034024f7b3,ACCecf9614499,True
ACCecf9614499,ACCad8d1d72b9,True
ACCad8d1d72b9,ACCe90cb84966,True
ACCe90cb84966,ACCe6138b8fbd,True
ACCe6138b8fbd,ACC9f3d60c491,True
ACC9f3d60c491,ACC034024f7b3,True
ACC3e097f6fe9,ACCf2ba61c88e,True
ACCf2ba61c88e,ACCea8214cd20,True
ACC3e097f6fe9,ACCf149c9a15b,True
ACCf149c9a15b,ACC4daa5dda68,True
ACC3e097f6fe9,ACCacb57fae5a,True
ACCacb57fae5a,ACC8b940f9bc3,True
ACC8b940f9bc3,ACCcf5910b682,True
ACC3e097f6fe9,ACCc65b64f2e4,True
ACCc65b64f2e4,ACCfebfabe4e5,True
ACCfebfabe4e5,ACC3e98bf79f7,True
ACC7bd68e296b,ACC2bb461156f,False
ACC7bd68e296b,ACCe33867fff5,False
ACC7bd68e296b,ACCbe585137f9,False
ACC9864d0e82a,ACCc72b3da496,False
ACCe955ddb29f,ACC039c673cb6,False
ACCa8b7447619,ACC01b6e180f0,False
ACCa8b7447619,ACC3c8c9055c7,False
ACCa8b7447619,ACC8c7b74dc4e,False
ACC12bd0aceae,ACC9915ab409b,False
ACC12bd0aceae,ACC6af9ab4f70,False
ACCb5dc77e3ff,ACC04860c04b7,False
ACC0216f3962d,ACCd33f369171,False
ACC0216f3962d,ACCafb77e84f7,False
ACC0216f3962d,ACCa3d4612fd1,False
ACCc5ff8924d6,ACCa9a32bee6e,False
ACC6f17f813b8,ACCf00959b436,False
ACC47acb1a003,ACC3647ab6154,False
ACC5454b06eb2,ACC06a29313f9,False
ACCb150ba539a,ACC300521d4b3,False
ACCb150ba539a,ACCdaa865bc28,False
ACCb150ba539a,ACC9352a9d1b6,False
ACC4a607482b9,ACCc9828b34bc,False
ACC5994e42ad1,ACC3fe11cec18,False
ACC9946d61c07,ACC5f9bfff474,False
ACC9946d61c07,ACC829bb55958,False
ACC8024f4496c,ACCef9e66f0bc,False
ACC8024f4496c,ACC5a51bb7776,False
ACC8024f4496c,ACC904c4fa665,False
ACC8af406cbed,ACC10ffdf8b39,False
ACC8af406cbed,ACCfe527218c1,False
ACC8af406cbed,ACCd1d05840d3,False
ACCb390d6af03,ACC9896ee189f,False
ACCb390d6af03,ACCf3b34497b3,False
ACCb390d6af03,ACC81d6b6c273,False
ACC7b135e69b3,ACCf31efe5ee6,False
ACC7b135e69b3,ACC560dd7fbb5,False
ACCf4d701e6fb,ACCad9dea7d3f,False
ACCf4d701e6fb,ACC0f2251801c,False
ACCf4d701e6fb,ACCc36ddb6c33,False
ACCf657d1289c,ACC636be99be3,False
ACCf657d1289c,ACCc4ed53e9f1,False
ACCf657d1289c,ACC7e494d225c,False
ACCb54dbf531f,ACC8ad8beb038,False
ACCb54dbf531f,ACCa967eafd8e,False
ACCad22639c0c,ACCb70990f480,False
ACCad22639c0c,ACCd62aba10ce,False
ACCad22639c0c,ACC551dbb9351,False
ACC1dbb7c2cfc,ACCe27fd09ee2,False
ACC1dbb7c2cfc,ACCb5fff49066,False
ACC1dbb7c2cfc,ACCad2afee39b,False
ACCe71b51a991,ACC81a4729ba7,False
ACC03df66717b,ACCaf3e866f90,False
ACC03df66717b,ACC5e0cd3e322,False
ACC567ceec9a4,ACC71938c2f1a,False
ACC567ceec9a4,ACCb5c7ba726b,False
ACC567ceec9a4,ACC54d18ec3cb,False
ACC1c1915bbbd,ACCb7c0c8d06f,False
ACCb61aa99e28,ACC88bbb04518,False
ACCb61aa99e28,ACCcc1c98c857,False
ACCb61aa99e28,ACCe9af6251f7,False
ACC3d28015b62,ACC0f9f8d6a96,False
ACC3d28015b62,ACC808ef5b2d6,False
ACC3d28015b62,ACC2ac6bf7958,False
ACC84083f79b8,ACC09082a76ea,False
ACC84083f79b8,ACCa043bae160,False
ACC84083f79b8,ACC8fc65313fc,False
ACC2c36390034,ACC6146e0c6ea,False
ACC102b9a17f8,ACC9519f26569,False
ACCf5794876ed,ACC3a3484f28e,False
ACCa6bc4480b1,ACC8a5689e20b,False
ACCa6bc4480b1,ACC910a49d195,False
ACC9dd0e2c477,ACC1b5b379725,False
ACC49220777b1,ACCc1883e5801,False
ACC1b423326a2,ACC12d3b39797,False
ACC1cf7c24975,ACC52c7a740b0,False
ACC1cf7c24975,ACCbb35564c97,False
ACC1cf7c24975,ACCaef81787b8,False
ACC5a14d40892,ACC0123a887fa,False
ACC5a14d40892,ACCfa1a91cd28,False
ACC5a14d40892,ACC84565aa6ae,False
ACCd91883bdf4,ACCd65f8a38ae,False
ACC9b4aa9cd8a,ACC22ada5e38c,False
ACC6d9a9324c9,ACC9b1b940eee,False
ACCc75b2469af,ACCad22639c0c,False
ACCc75b2469af,ACCef85f50a08,False
ACCc75b2469af,ACC7c6d2a6b70,False
ACCd41267ba1f,ACC47d371489a,False
ACCa4081d99f0,ACC5c6c131215,False
ACCb875ae78a2,ACC5542c316b5,False
ACCb875ae78a2,ACC11f72f5e49,False
ACCb875ae78a2,ACCfc30fbc646,False
ACCb875ae78a2,ACCa881e70d2d,False
ACC16e6df16f0,ACC6467d0f821,False
ACC16e6df16f0,ACC34611cf35e,False
ACCd10de2f224,ACCba227734b2,False
ACCd10de2f224,ACCc1c5405849,False
ACC66e456beeb,ACC3736288afd,False
ACC66e456beeb,ACC21229320e4,False
ACC9a4d720e7e,ACC809d314b0e,False
ACC6ae3b9c644,ACCac195060f8,False
ACC6ae3b9c644,ACC7eeebd852d,False
ACC6ae3b9c644,ACCf9092c303c,False
ACC314e0bbf57,ACC2285e5ec79,False
ACC314e0bbf57,ACC6606488c68,False
ACC314e0bbf57,ACC978a9a9121,False
ACC135376de0c,ACCc4a5d7cc7f,False
ACC135376de0c,ACCa5b31464bd,False
ACC135376de0c,ACCa736a75897,False
ACCbff60eb06b,ACC75a9fe8187,False
ACCbff60eb06b,ACC5d16cecd01,False
ACCbff60eb06b,ACCd98f31cab6,False
ACCbff60eb06b,ACC73a9adc14e,False
ACCa1b2954e7c,ACC820cf5973a,False
ACCa1b2954e7c,ACC08bcb54249,False
ACCa1b2954e7c,ACCe9394e75be,False
ACC475738e73e,ACC20531575cf,False
ACC475738e73e,ACCf85255e471,False
ACC475738e73e,ACC2b53443820,False
ACC69eeb493b0,ACC9effe308f9,False
ACC69eeb493b0,ACCa410b3255f,False
ACC69c67890c8,ACC3938eeea99,False
ACCaeb8e8d0b6,ACC9acbc12571,False
ACC9c78decc00,ACC4a36e8cb91,False
ACC9c78decc00,ACCa8a9bb8e35,False
ACC9c78decc00,ACC70f18f9f0a,False
ACC334acc3fb2,ACC87d166b182,False
ACC334acc3fb2,ACCb2daf75003,False
ACC334acc3fb2,ACC127d36939c,False
ACCe73b471b30,ACC0697fb4517,False
ACCe73b471b30,ACC3b2c9e9071,False
ACCe73b471b30,ACC206b1bfaca,False
ACCe73b471b30,ACCf3399e8a18,False
ACC823eb2ee5d,ACCec402d755e,False
ACC823eb2ee5d,ACC43eb5c78ce,False
ACC823eb2ee5d,ACCc4db9a2ddb,False
ACC31ff3bab81,ACC3a9a2797c0,False
ACC31ff3bab81,ACCb15145f594,False
ACC31ff3bab81,ACC41aecc50da,False
ACC4fba3838c7,ACC709c8230f1,False
ACC4fba3838c7,ACC1d7c352b2a,False
ACCefa684fb34,ACC692634b70d,False
ACCefa684fb34,ACC83edb580eb,False
ACCefa684fb34,ACC8aa65d0499,False
ACC40a4adc61a,ACC15ea33e5d9,False
ACC9c355d907a,ACCf36978f260,False
ACC9c355d907a,ACCd6d22307e6,False
ACCac195060f8,ACCcf4ce32c55,False
ACCac195060f8,ACC7119ac3725,False
ACCac195060f8,ACC6ca924a979,False
ACCac195060f8,ACCcf127c50b6,False
ACC8e7312515a,ACCf372ae0e29,False
ACC8e7312515a,ACCa5420e0c50,False
ACC8e7312515a,ACC14f47d6892,False
ACC61a3445cb7,ACCdf3507dc63,False
ACC61a3445cb7,ACC1a2ac0101a,False
ACC61a3445cb7,ACCe3445b2bf8,False
ACCda8c23f2db,ACC5ea7612fa3,False
ACCd34787697b,ACCad15c303f1,False
ACCd34787697b,ACC5a59f67374,False
ACCd34787697b,ACC5e7acba848,False
ACCd34787697b,ACC72078ff6fb,False
ACCb233f84907,ACC7dc1314a9d,False
ACCb233f84907,ACCc92ab5a751,False
ACC87a7190568,ACC023d17a735,False
ACC87a7190568,ACCbf30de3102,False
ACC87a7190568,ACCcc1122d87e,False
ACC87a7190568,ACC3c260663a1,False
ACC8e93ea86f7,ACC291960e85e,False
ACC8e93ea86f7,ACC94d27481e3,False
ACC8e93ea86f7,ACC5e16eda59f,False
ACC471ac7e36e,ACC78f544d806,False
ACC471ac7e36e,ACC3d5d60a981,False
ACC471ac7e36e,ACCd4c17ba5bb,False
ACC471ac7e36e,ACC644875b3e0,False
ACC00e52de016,ACC943bf902c4,False
ACC00e52de016,ACCa3bfbf3e78,False
ACC00e52de016,ACCb23c9ea600,False
ACCcd18b2fd8a,ACC675f7ea738,False
ACC42f9fb96a9,ACC401c26ec44,False
ACCa4c192a9be,ACC1f8c5509b2,False
ACCa4c192a9be,ACCaae6f517c8,False
ACCb0552fc1cc,ACC711e9173f0,False
ACCb0552fc1cc,ACC9dbae0460f,False
ACCb0552fc1cc,ACC9d8a47cbcc,False
ACCb0552fc1cc,ACC180ee61df7,False
ACCcb27ba85b5,ACCb0552fc1cc,False
ACCfb8560e51c,ACC3173fd54f5,False
ACC6b7994864f,ACC9b09017bd4,False
ACC6b7994864f,ACC06f8620929,False
ACCf6efab0993,ACC3b4c254d4d,False
ACCf6efab0993,ACC6c4cf16bc7,False
ACCf6efab0993,ACC6ffae150a0,False
ACC3a2c44e173,ACCc743d3d2f7,False
ACC3a2c44e173,ACCb04390194b,False
ACCecd19f1a34,ACC9dad9cc3c8,False
ACCce51f38259,ACC1377655fe5,False
ACCce51f38259,ACCf219cc5108,False
ACCaf0a4b0c4e,ACC5994e42ad1,False
ACCaf0a4b0c4e,ACCd94df8ce28,False
ACCaf0a4b0c4e,ACC0afc8922af,False
ACCaf0a4b0c4e,ACCf3729067da,False
ACC2028abb4d4,ACCce49da584f,False
ACC2028abb4d4,ACC42f166091b,False
ACC2028abb4d4,ACC28f053281b,False
ACC2028abb4d4,ACC4fbd1be722,False
ACC654c4bed04,ACC4c77bb9823,False
ACC654c4bed04,ACC88e7f2ed2c,False
ACC01af376d2e,ACC1cf7c24975,False
ACC01af376d2e,ACCe43b96ca94,False
ACC1f8c5509b2,ACCc107f999b1,False
ACC1f8c5509b2,ACC4a408a616c,False
ACC37f5303deb,ACC88407dd35d,False
ACC37f5303deb,ACC230e04e1ed,False
ACC37f5303deb,ACC9b9d6da571,False
ACC5e142de5e5,ACC398da279a8,False
ACC5e142de5e5,ACC3c2130fd92,False
ACC5e142de5e5,ACCa6bc4480b1,False
ACC5aecffc270,ACC0cb74e1e5e,False
ACC2fa929678a,ACC9a207c8ab4,False
ACC2fa929678a,ACCa11a4baed5,False
ACCe88ae8eb3a,ACC91a0119486,False
ACCe88ae8eb3a,ACCf330734cde,False
ACCb293a6d5bd,ACC5b04e98550,False
ACC6dff9a3ef0,ACC4a13578cbb,False
ACC6dff9a3ef0,ACC0d41a3ad02,False
ACC6dff9a3ef0,ACC5c80f1605f,False
ACC6dff9a3ef0,ACC33d2dbae62,False
ACC4084259080,ACC9f15abebd6,False
ACC63ea08822e,ACC0bce816aad,False
ACC73ed43578a,ACC0c3b3c615a,False
ACC73ed43578a,ACC3657bc3290,False
ACC5665cc34ff,ACC55c6c74eaf,False
ACC5665cc34ff,ACC4257a91658,False
ACC5665cc34ff,ACC295b4cc9d9,False
ACCf504dbe5d5,ACC90902328b4,False
ACCf504dbe5d5,ACC27e15e6d27,False
ACCf504dbe5d5,ACC67e18711be,False
ACCf504dbe5d5,ACC1eff04ea9f,False
ACC87a8de02ce,ACCf784c2defb,False
ACC87a8de02ce,ACCb6c4248f2b,False
ACCccbd48e3e4,ACC49c6b5d98e,False
ACCccbd48e3e4,ACCabac06e4dd,False
ACCccbd48e3e4,ACC9bfaabdda0,False
ACCccbd48e3e4,ACC47dda29312,False
ACC568695eb6b,ACC4ec1d9bb14,False
ACC568695eb6b,ACC7736f4aec8,False
ACC24068b77ee,ACCb929d5acb7,False
ACC24068b77ee,ACC9f6388287f,False
ACC24068b77ee,ACCe1f57ff27f,False
ACC24068b77ee,ACCd7b591145f,False
ACC8b88ad782e,ACC43483c48a0,False
ACC8b88ad782e,ACC63152c88d4,False
ACC8b88ad782e,ACCb8ba76f280,False
ACC8b88ad782e,ACC092f2ec5da,False
ACC64343390c0,ACC6fb77d50b6,False
ACC64343390c0,ACC9454f6ab80,False
ACC64343390c0,ACCa2ddbe4dff,False
ACC64343390c0,ACCb733d1746f,False
ACC35b8f8b9bd,ACC80c1bda692,False
ACC35b8f8b9bd,ACC35f4feb195,False
ACC35b8f8b9bd,ACC8348c1f6f0,False
ACCe5347635d1,ACC5ea2d52883,False
ACCe5347635d1,ACCbf84335fe9,False
ACCe5347635d1,ACC20a2b9ccbc,False
ACCe5347635d1,ACC28cc3c9760,False
ACC824567042a,ACC7eb1a3e611,False
ACC824567042a,ACCadb9f96409,False
ACC824567042a,ACCb7c693d58a,False
ACC824567042a,ACC3f2968ed35,False
ACC06a29313f9,ACCa7171a70f2,False
ACC6006d08581,ACC38ffba6d7a,False
ACC6006d08581,ACCedce1157a3,False
ACC3c9f0cde6e,ACCd6b87b826b,False
ACCd94df8ce28,ACC6213752e0d,False
ACCd94df8ce28,ACC25b9c7adef,False
ACCd94df8ce28,ACC086a0a4854,False
ACC62029019a7,ACCea9f87b92f,False
ACC62029019a7,ACCa5434e4e31,False
ACC9360b48f88,ACCd14fa84f6f,False
ACCaa51859a84,ACC64380fced1,False
ACCaa51859a84,ACCdbe0a98fe6,False
ACCaa51859a84,ACC8b88ad782e,False
ACCaa51859a84,ACC99963fd23d,False
ACC483f405407,ACC0c147d1a43,False
ACC483f405407,ACCaeafadd3fd,False
ACC483f405407,ACCde91514de1,False
ACC6f3d6adf02,ACC8f546de617,False
ACC7fcf262271,ACC1138aa5a28,False
ACC7fcf262271,ACCc1d5bd8345,False
ACC7fcf262271,ACC577fba421f,False
ACC5732beeeaa,ACC6b604d824a,False
ACC5732beeeaa,ACC589c329ad3,False
ACC5732beeeaa,ACCea8591ba22,False
ACCe24a3771d4,ACC3b1f58af94,False
ACC349dccac1f,ACCccbf9637d3,False
ACC349dccac1f,ACC7bcc2dcab3,False
ACC349dccac1f,ACCaf0a927eac,False
ACC349dccac1f,ACC18825203c2,False
ACCa4148d5acc,ACCf542627a11,False
ACCa4148d5acc,ACC5a1d6fb627,False
ACCa4148d5acc,ACCe41972caa2,False
ACCa4148d5acc,ACC2656186070,False
ACC78c0f1b9ce,ACC070f59324d,False
ACC78c0f1b9ce,ACC157d3ff2af,False
ACC78c0f1b9ce,ACCfd993c5beb,False
ACC78c0f1b9ce,ACC86b4588148,False
ACC2285e5ec79,ACCb1a371a834,False
ACC61b6895480,ACC1efccdce16,False
ACC41880413c7,ACC02342a1828,False
ACC41880413c7,ACC515480e084,False
ACC4ec08cf19c,ACCce4009904c,False
ACC4ec08cf19c,ACCa5cbb45350,False
ACC4ec08cf19c,ACC50d480a927,False
ACC4ec08cf19c,ACC891c54aa78,False
ACC2cb8d4a9de,ACC56de1c9f77,False
ACC3f19727bf1,ACCeb393606e0,False
ACC3f19727bf1,ACC7553e3864a,False
ACC3f19727bf1,ACC4bb2c1a423,False
ACC94ca8baf59,ACC32f4429759,False
ACC781a37a03d,ACC0f47b9d068,False
ACC781a37a03d,ACC079ae301ab,False
ACCb0eb424f2e,ACC419e1f7f6d,False
ACC50d480a927,ACC3a18a0e208,False
ACC50d480a927,ACC9c5e0450f2,False
ACC50d480a927,ACCfe1c820dcc,False
ACC50d480a927,ACC9c78decc00,False
ACCe1a748754e,ACC2584aed510,False
ACCe1a748754e,ACC4aca521279,False
ACC7b303835bd,ACC0cc3d8dc78,False
ACC86629f9232,ACCea90dafe56,False
ACCccac06378e,ACC76ace51d55,False
ACCccac06378e,ACCf26abc2919,False
ACCccac06378e,ACC819d954c84,False
ACCccac06378e,ACC641cd37bc8,False
ACCafde661d89,ACCebf4663c9f,False
ACCafde661d89,ACCd02a94788a,False
ACCafde661d89,ACC525c644ce0,False
ACCafde661d89,ACC06c5b8c785,False
ACC76ead50a78,ACC1e999592bc,False
ACC76ead50a78,ACC7107b66990,False
ACC76ead50a78,ACCf34e7728f8,False
ACC1d30100a9c,ACCc2beb94dc7,False
ACC1d30100a9c,ACCa3f2af38ff,False
ACC7d9453b0d4,ACC2a26ebde36,False
ACC7d9453b0d4,ACCe174f63892,False
ACC7d9453b0d4,ACCde82a4d3a5,False
ACC08fd148425,ACC6601813793,False
ACC0fe80a69c8,ACC341a61df78,False
ACC0fe80a69c8,ACCc13385f297,False
ACC230e04e1ed,ACCa614da7ec2,False
ACC230e04e1ed,ACC5869be070b,False
ACC230e04e1ed,ACC67d548d385,False
ACC8b250e4dfd,ACC281a501199,False
ACC8b250e4dfd,ACC4ab18b4d33,False
ACC8b250e4dfd,ACCb217d09245,False
ACC8b250e4dfd,ACC64f391996f,False
ACC24d24c3dd9,ACC4d634f4af8,False
ACC24d24c3dd9,ACC893fb7fa03,False
ACC24d24c3dd9,ACC31cb98abd4,False
ACC24d24c3dd9,ACCf50407a5c5,False
ACCf4fa4ad61a,ACCe7c7f75caf,False
ACCf4fa4ad61a,ACC7e24f27e68,False
ACC2f5f311486,ACC9360b48f88,False
ACCf35e5812d2,ACCda885711cb,False
ACCf35e5812d2,ACC8dd1414c82,False
ACCf35e5812d2,ACC5beb663a02,False
ACCf35e5812d2,ACCd833d065ca,False
ACC36821aac50,ACC2239896a1c,False
ACC36821aac50,ACCd34b15c927,False
ACC36821aac50,ACCc02c2de741,False
ACC36821aac50,ACCa332891914,False
ACC58f5a5523a,ACC9882eff8f1,False
ACC58f5a5523a,ACCb1e5684fa7,False
ACCf372ae0e29,ACC5eebbea242,False
ACC5869be070b,ACC269a306aa1,False
ACC5869be070b,ACCf98ed0123f,False
ACC7c94c4bd57,ACCcd9b6b865a,False
ACC7c94c4bd57,ACC7a744a3676,False
ACC1ca20b3153,ACC1bfc38c6a3,False
ACC250b4e6485,ACC940ae5feae,False
ACC397e764dbb,ACC225b0edf9f,False
ACC397e764dbb,ACC364b662adf,False
ACC4010161a94,ACC54fefc38f7,False
ACC4010161a94,ACCe681378810,False
ACCce7923650c,ACC644e1b2df8,False
ACC78531fc634,ACC9e2898a529,False
ACC0a64a9e599,ACC5d97ec2f23,False
ACC0a64a9e599,ACCd1adada6cb,False
ACC301e962988,ACC5b56f040d3,False
ACC301e962988,ACC713f11525b,False
ACC1cdf311ca7,ACC6af4d90ba2,False
ACC1cdf311ca7,ACCb150ba539a,False
ACC1cdf311ca7,ACC8b55ea7d39,False
ACC1cdf311ca7,ACC4e35acf670,False
ACCb421c9d4cc,ACCecec3cf648,False
ACC0604863a7e,ACCcef88723d1,False
ACC0604863a7e,ACC6897a70bbb,False
ACC0604863a7e,ACC1956ae7a08,False
ACC0604863a7e,ACC2abd82ac7f,False
ACC145ca49bc1,ACC76955c52db,False
ACC145ca49bc1,ACC180d519466,False
ACC145ca49bc1,ACC865cf902c3,False
ACC145ca49bc1,ACC3b53434c5b,False
ACC5ab69a745e,ACC4b122e019a,False
ACC66afde91c4,ACC3d2bcaeefd,False
ACCb23c9ea600,ACC13a91aeea4,False
ACCb23c9ea600,ACC3ac55cebc6,False
ACCb5e221132e,ACC77dda92d38,False
ACCb5e221132e,ACCc23e0f4ea4,False
ACCf37e1b8366,ACC18e681003a,False
ACCf37e1b8366,ACCdb959cb592,False
ACCf37e1b8366,ACC62432c9921,False
ACC38027cd059,ACCc23d390877,False
ACCd488c077ef,ACC074c985385,False
ACCc9c719e210,ACC9d2f7f8b6e,False
ACCc9c719e210,ACC3aece9a328,False
ACCc9c719e210,ACC53ad26f046,False
ACC094d08fce2,ACC4f7f02c823,False
ACC094d08fce2,ACCa6c0c8282c,False
ACC9a336e39cd,ACC82d6d3ccb5,False
ACC9a336e39cd,ACCe32d03b1ed,False
ACC9a336e39cd,ACC1c6596bb53,False
ACCf2583fa17b,ACC6c3068fae9,False
ACCf2583fa17b,ACC91d30e1be3,False
ACCf2583fa17b,ACC96f31a6fb7,False
ACC5bb46e1d41,ACC7636cf459c,False
ACC5bb46e1d41,ACC6221d2a27c,False
ACC5bb46e1d41,ACCc4b0913f5a,False
ACC0c9a589b0d,ACC8b025e1da1,False
ACC56c2ae90e7,ACC2c4d738298,False
ACC56c2ae90e7,ACCadaf0dd6b4,False
ACC58da68d8a0,ACC7c5d0c9fcf,False
ACC58da68d8a0,ACCceb4084daa,False
ACC60be8d1514,ACC669c747079,False
ACC60be8d1514,ACC59b6abdaa8,False
ACC08bcb54249,ACC871f1f1d10,False
ACC08bcb54249,ACCcdbb6052fb,False
ACC08bcb54249,ACC77b45206ff,False
ACC08bcb54249,ACC3fb9b902a5,False
ACC03a8ccc84f,ACC6031b8d4b2,False
ACC3f82ebb5a6,ACC42869f8825,False
ACC3f82ebb5a6,ACCcd9b39529c,False
ACC3f82ebb5a6,ACC5cca0c6773,False
ACC3f82ebb5a6,ACC308ee4b9f6,False
ACC0dbf41e04f,ACC00e6765318,False
ACCa755030792,ACC122fa51aea,False
ACCa755030792,ACC181fa02384,False
ACCa755030792,ACC536f2f404d,False
ACC181fa02384,ACCbdfe82c56b,False
ACC181fa02384,ACC9bed7bc7b1,False
ACC181fa02384,ACCaa7302b589,False
ACC181fa02384,ACC2b77c36d08,False
ACC0690fc408f,ACC3e401dda6a,False
ACC174d839aa5,ACC15d7d7b6b0,False
ACC174d839aa5,ACC92300334d4,False
ACC174d839aa5,ACC93a33487e3,False
ACC5afb50e5f9,ACCdf0c3e1dca,False
ACC5afb50e5f9,ACC5604fb5e47,False
ACC5afb50e5f9,ACCb2aef807df,False
ACC5afb50e5f9,ACC8254fa3470,False
ACCeae95eba67,ACCed1bca9262,False
ACCeae95eba67,ACCee3d624308,False
ACC9f9c52f6e4,ACCe8a7732df0,False
ACC9f9c52f6e4,ACC71202e1110,False
ACC7d483e0f55,ACC22e4783343,False
ACC7d483e0f55,ACC9d5d5380e0,False
ACC20c2cc850d,ACCdb95279cc9,False
ACC20c2cc850d,ACC831aa5aa0b,False
ACC20c2cc850d,ACC6ac3370f8f,False
ACCd53868b57f,ACCd6d7550400,False
ACCd53868b57f,ACCb699c7d5f2,False
ACCd53868b57f,ACC3eadb811af,False
ACCd53868b57f,ACC8326728496,False
ACC6e32a54607,ACCb07e997b10,False
ACC01f9fa4128,ACCbf331a1124,False
ACC01f9fa4128,ACCf5800040b4,False
ACC01f9fa4128,ACC4336843b17,False
ACC01f9fa4128,ACC2067f7d8ae,False
ACC5082f3e346,ACC706bc03aec,False
ACC5082f3e346,ACCe9c8966c80,False
ACC5082f3e346,ACCe4fcfe74fc,False
ACC452153e82c,ACC6b18bd6cc3,False
ACC452153e82c,ACC12f2a8a66a,False
ACC452153e82c,ACC40d7015fb5,False
ACC1114c565a4,ACC6e34916616,False
ACC1114c565a4,ACC12bd0aceae,False
ACC7b0dbf773a,ACC60b146b4cf,False
ACC7b0dbf773a,ACCa8dd90c633,False
ACC7b0dbf773a,ACC0c37096e00,False
ACC7b0dbf773a,ACC8aea59098e,False
ACC2cd094c694,ACCf6589eb42f,False
ACC2cd094c694,ACC0c2c9a0413,False
ACCd6c602136e,ACC8dd2e62ad1,False
ACCd6c602136e,ACC95ddb01889,False
ACCd6c602136e,ACC2290b107db,False
ACCd6c602136e,ACCc55458ff41,False
ACCabbd40adc0,ACCa5b82cd38d,False
ACCabbd40adc0,ACC13b560b488,False
ACCabbd40adc0,ACCf2dbae9f14,False
ACCabbd40adc0,ACC5484f805ac,False
ACC735dded81d,ACC8a19a4dc25,False
ACC735dded81d,ACCff36d54a34,False
ACC8b91c8e9db,ACC3296281016,False
ACC8b91c8e9db,ACC9f9c52f6e4,False
ACC8b91c8e9db,ACCe65dd5f895,False
ACC8b91c8e9db,ACCb5d0b73a2a,False
ACCef85f50a08,ACC9fcaa7e4c9,False
ACCef85f50a08,ACC85576ca8e5,False
ACCef85f50a08,ACC956d1084ac,False
ACC7b84b0ab90,ACC527b646d6d,False
ACC7b84b0ab90,ACCb627a4e232,False
ACCd3678904aa,ACC805c1071d3,False
ACCd3678904aa,ACCf8cdbb1261,False
ACC29ca1ccb45,ACCd7df3fe718,False
ACC29ca1ccb45,ACC57c14944b4,False
ACC29ca1ccb45,ACCf421dd1f48,False
ACC5efb6a5a5d,ACC7228798d9e,False
ACC01a5e420e5,ACCc3a9ef2934,False
ACC0bda619d4b,ACCdcf48587ce,False
ACC0bda619d4b,ACC5a8b7a885b,False
ACC10fdefa5cf,ACC0f0f8cde93,False
ACC10fdefa5cf,ACCceec158035,False
ACC10fdefa5cf,ACCd7e10bac38,False
ACC10fdefa5cf,ACC8a9f8a0693,False
ACCf0dfc57672,ACC3b6186f861,False
ACCb2daf75003,ACC93961b8a56,False
ACCb2daf75003,ACC9c431f83e8,False
ACCb2daf75003,ACCbe590148c4,False
ACCbf1e493744,ACC48d6f63aa6,False
ACCbf1e493744,ACC2ed3e673d5,False
ACC104af6b1ba,ACCb5427dc88f,False
ACC48d6f63aa6,ACCd207cc8f03,False
ACC48d6f63aa6,ACC946cadcb1e,False
ACCffc6df4544,ACC18099fcf90,False
ACCffc6df4544,ACC69c67890c8,False
ACCffc6df4544,ACCe40bdcfdaf,False
ACCffc6df4544,ACCa5ff55af33,False
ACCe2e89576b6,ACCad761cc4f4,False
ACCe2e89576b6,ACC0d07100ac0,False
ACCe2e89576b6,ACC4180bbfeea,False
ACC8c7b74dc4e,ACCd028c51ed4,False
ACC8c7b74dc4e,ACC9c97c7a555,False
ACC8c7b74dc4e,ACC2adfbaecf3,False
ACC8c7b74dc4e,ACC8475937d4f,False
ACCe8e2eb100b,ACCaadd2499ed,False
ACCe8e2eb100b,ACC35d35bdb2b,False
ACCe8e2eb100b,ACC49727e73dc,False
ACCe8e2eb100b,ACC135376de0c,False
ACC33d2dbae62,ACC3125527a86,False
ACC33d2dbae62,ACC6a2dafae52,False
ACC40ba4c797d,ACC0fc2c79cf4,False
ACC40ba4c797d,ACC7a808eefc2,False
ACC40ba4c797d,ACCe0d535f4a9,False
ACC52e1433e2d,ACCba852b319d,False
ACC52e1433e2d,ACC1e02ac3bbe,False
ACC394ac77131,ACC937a32f7f2,False
ACC394ac77131,ACC7caf09482e,False
ACC394ac77131,ACCc5a07f2527,False
ACC394ac77131,ACC341a963e91,False
ACC7790dc53b7,ACC16d4e3f706,False
ACC7790dc53b7,ACCb69e5f49b8,False
ACC7790dc53b7,ACCc3fb1e0484,False
ACC7790dc53b7,ACC735dded81d,False
ACCa80623f388,ACCc916d6d726,False
ACC1b01bec713,ACCcdc353255f,False
ACC1b01bec713,ACC4036bde81d,False
ACC1b01bec713,ACC257ea2b076,False
ACC1b01bec713,ACCea2babd29c,False
ACC1001243923,ACCeccf8033b7,False
ACC1001243923,ACC1a4128da42,False
ACC1001243923,ACC2d76f03909,False
ACCdea7685889,ACCd6fe4cf470,False
ACCdea7685889,ACC4c59995d8b,False
ACCdea7685889,ACC416726e2cf,False
ACCdea7685889,ACC76758661db,False
ACCceb4084daa,ACC9198d46259,False
ACCceb4084daa,ACC09f32bdc32,False
ACC99316ad23e,ACCf9ca9c1a2e,False
ACC99316ad23e,ACC450f61bf20,False
ACC99316ad23e,ACC9e6ee2bd45,False
ACCeb54226356,ACC6d970dbf36,False
ACCeb54226356,ACCed332d5c00,False
ACCeb54226356,ACC6e7f5182d3,False
ACCf29d2797b0,ACC0f1ee23e76,False
ACC7607112b16,ACCd12e0fd29b,False
ACC7607112b16,ACCb988a5f40c,False
ACCe68e7a42e8,ACC41b6a35086,False
ACCe68e7a42e8,ACCa8b7447619,False
ACC15ea33e5d9,ACCeb1ac52be6,False
ACC15ea33e5d9,ACCac6d2be2cd,False
ACC90b44f83a6,ACCed56af2a7e,False
ACCa29899c243,ACC739879fcc5,False
ACCa29899c243,ACC51d90d06ae,False
ACCa29899c243,ACCa5fc59a734,False
ACCa29899c243,ACC4188290e83,False
ACCf421dd1f48,ACC21a4dc9038,False
ACCf421dd1f48,ACC94b2fe7328,False
ACCf421dd1f48,ACCcb7e211cc9,False
ACCf421dd1f48,ACC29ebd242df,False
ACCbea6ad67f7,ACC9dbab34dba,False
ACC0f1680f382,ACC9ac04e2e28,False
ACC6bc76efecc,ACC77928d6ffc,False
ACC6bc76efecc,ACC7504f090e8,False
ACC2e912f2af3,ACCf8938cbdfd,False
ACC2e912f2af3,ACC20c2cc850d,False
ACC5d04f3b695,ACCbc27098326,False
ACC5d04f3b695,ACCefa684fb34,False
ACC5d04f3b695,ACC6e113e0269,False
ACC5d04f3b695,ACC4b6a805cc7,False
ACCce53bf00f1,ACC1dffb2e6b6,False
ACC5fe6e781d1,ACC0b1ba2e5c2,False
ACC5fe6e781d1,ACC4abe49cc08,False
ACC2113d330f4,ACC4839be4044,False
ACC2113d330f4,ACC235e5a0b9b,False
ACC2113d330f4,ACC444b51dc8b,False
ACC2113d330f4,ACC6a0e062098,False
ACCfbe58d9b40,ACC82198cfe97,False
ACC4bb98ec4ec,ACC9459743bb5,False
ACC4bb98ec4ec,ACC5bf510a971,False
ACCa9af927371,ACCfb749289c9,False
ACCa9af927371,ACC6aa94b77a1,False
ACCa9af927371,ACCf710baa60e,False
ACC2da0b91fa5,ACC90790135cf,False
ACC2da0b91fa5,ACC507ec4780c,False
ACCa2107c0c3f,ACC5c85b18f27,False
ACCa2107c0c3f,ACCca2384b03e,False
ACCa2107c0c3f,ACC8af4bf4bc5,False
ACC4c5d2ea81e,ACCca24efeb90,False
ACC4c5d2ea81e,ACC8fa248ed02,False
ACC4c5d2ea81e,ACCf640e79fd4,False
ACC5d16cecd01,ACC5e27f88136,False
ACC517850c10c,ACCadd76493cf,False
ACC517850c10c,ACCf245adbd9f,False
ACC517850c10c,ACC8f0251dea3,False
ACC517850c10c,ACC7fb4eecefd,False
ACCedecdee8a9,ACC843f1fec68,False
ACCedecdee8a9,ACC0aaa2016e2,False
ACCc702b08aa6,ACC0a28b2454d,False
ACCe816538b7d,ACC0c99fe8b79,False
ACCe816538b7d,ACCeeca72fc93,False
ACCe5472a3797,ACC2d99d41315,False
ACCe334a408d4,ACC76041a95c3,False
ACCe334a408d4,ACC8c7299a15f,False
ACCe334a408d4,ACC52e1433e2d,False
ACC57c14944b4,ACCf0faba8e2a,False
ACC57c14944b4,ACC9ecf54c03c,False
ACC1f7fb71869,ACC14979c7087,False
ACC1f7fb71869,ACC959c03b3e6,False
ACC1f7fb71869,ACCcaae68aed1,False
ACC1f7fb71869,ACC2ab3c0196b,False
ACC1e8f937fc5,ACC9e0bcc202a,False
ACC1e8f937fc5,ACC427c2091ae,False
ACC8691fd2ca2,ACC63380a151d,False
ACC8691fd2ca2,ACC0f1df6814f,False
ACC5481867383,ACC361ba07f2c,False
ACC5481867383,ACC9cba4372ef,False
ACC5481867383,ACC438194244a,False
ACCb4598ab59e,ACCeaff1e2a3d,False
ACCb4598ab59e,ACC727dd10c92,False
ACCb4598ab59e,ACC5ae55ee37a,False
ACCb4598ab59e,ACCeb04abf47a,False
ACC6ff51de18b,ACC263ad49e2c,False
ACC6ff51de18b,ACCe1b7465603,False
ACC78b44f71f4,ACCfcfd3cc753,False
ACC78b44f71f4,ACC2fee89bc71,False
ACC78b44f71f4,ACC38fb4b9ca9,False
ACC87a3583516,ACC97f5545a79,False
ACC87a3583516,ACCf7cccd1fc1,False
ACC87a3583516,ACC28725b201b,False
ACCd3b3c3131b,ACC044930c48c,False
ACC38c4f18e1d,ACC782e711521,False
ACC38c4f18e1d,ACCda8c23f2db,False
ACC29a8ea3bc1,ACC1fdb9d9332,False
ACC89cea7e92a,ACC07362a6a5e,False
ACC89cea7e92a,ACC452ed7ee7f,False
ACC89cea7e92a,ACC8ff09803d3,False
ACC89cea7e92a,ACCfdfe94e3db,False
ACC5604fb5e47,ACCc0a5202904,False
ACC5604fb5e47,ACCf1adff5419,False
ACC5604fb5e47,ACCac7a8879e4,False
ACCf08b566cc1,ACC7ecf34407f,False
ACCf08b566cc1,ACCba24676431,False
ACC62ab9bdac2,ACCef0a9b7a0f,False
ACC62ab9bdac2,ACCe50f336e75,False
ACCb217d09245,ACC9e73d526ea,False
ACCc33afcc797,ACCfa70b0d43d,False
ACCc33afcc797,ACCdcf13208f5,False
ACCfc278c40a9,ACCff3d1c4658,False
ACCfc278c40a9,ACCee164274d7,False
ACCe322026e7f,ACC29984f3d1a,False
ACCe322026e7f,ACCe8a081a889,False
ACC1392d4450c,ACCf1b89ec855,False
ACC1392d4450c,ACCbe22d008ff,False
ACC1392d4450c,ACC9a832e2b76,False
ACC1392d4450c,ACC34e93071db,False
ACC085602e897,ACCa6516ca550,False
ACC085602e897,ACCcb9d15ceee,False
ACC085602e897,ACCaea4373dca,False
ACCa508722b8b,ACC479f6f6687,False
ACCa508722b8b,ACCd96440ebc9,False
ACCa508722b8b,ACC864290be53,False
ACCb119c2091f,ACC2b962ed3ae,False
ACCade3f330d0,ACC2b3d7e8e6a,False
ACCade3f330d0,ACCad3d0a6c70,False
ACCade3f330d0,ACC12554f028e,False
ACCade3f330d0,ACCe8d1d6e2d9,False
ACCf0f79b0b43,ACC18f9169e42,False
ACCf0f79b0b43,ACC18c0ba8964,False
ACCf1df5f0b63,ACC6608152e2f,False
ACCf1df5f0b63,ACC7ab48ff583,False
ACCf1df5f0b63,ACC5a96e054ed,False
ACC6a1e36f783,ACCb293a6d5bd,False
ACC6a1e36f783,ACC2ce0c605b4,False
ACC6a1e36f783,ACCe60774aec6,False
ACCf060aad449,ACC24461d0feb,False
ACCf060aad449,ACC081b37517d,False
ACCf060aad449,ACC45ad89495f,False
ACCf060aad449,ACC247c54f8e1,False
ACCedce05df42,ACC5eb811278d,False
ACCdd8e7cdb21,ACC3a90f0735b,False
ACCdd8e7cdb21,ACCe7f59b3505,False
ACCdd8e7cdb21,ACC4fd887357a,False
ACC01036c75b0,ACC3ee3917c2d,False
ACC01036c75b0,ACC07053f8ab6,False
ACC01036c75b0,ACCd9119dc5d6,False
ACC1382b6c6d8,ACC22ddb720be,False
ACC1382b6c6d8,ACC7d0dca765b,False
ACC1382b6c6d8,ACC8fc29a6097,False
ACC1382b6c6d8,ACC861c5818bc,False
ACC2f4bde3c53,ACC25bd6bf015,False
ACC515480e084,ACCde3a0e82e0,False
ACC515480e084,ACCf405591370,False
ACC515480e084,ACCec0d5df38d,False
ACC515480e084,ACC9a20e4bf80,False
ACC3fdff54a8a,ACC81148fcd9e,False
ACCcdd25317b4,ACCec5853754b,False
ACCcdd25317b4,ACC551f93ea88,False
ACCcdd25317b4,ACC6249a7b499,False
ACCe8069d755e,ACCbf88fe64ad,False
ACCe8069d755e,ACCa68408e7f3,False
ACCe8069d755e,ACC08857c562d,False
ACC22e003fc14,ACC1a6ac66a9c,False
ACC22e003fc14,ACC2e1cd3c03b,False
ACC22e003fc14,ACCf0559e5bd6,False
ACC22e003fc14,ACC11b3da703e,False
ACCc4f080aaf3,ACC8b42e92e38,False
ACCc4f080aaf3,ACC4496f0a3a7,False
ACCc4f080aaf3,ACCa990b34e5d,False
ACCc4f080aaf3,ACC6a24bde663,False
ACC04add70005,ACCe334a408d4,False
ACC04add70005,ACC648c4ab735,False
ACCf0389fbcda,ACC7e5bec395f,False
ACCf0389fbcda,ACC5a14d40892,False
ACCb6baf71ea8,ACC53cc221787,False
ACCb6baf71ea8,ACCc4263aa951,False
ACCb6baf71ea8,ACC66660cd28e,False
ACC54c5e3f2c0,ACC86d772cfca,False
ACC70614135a1,ACCa582e75a74,False
ACC70614135a1,ACCe28c0e4be2,False
ACC70614135a1,ACC9798d41b65,False
ACC8885c3a1a0,ACCd94d4ac62f,False
ACC8885c3a1a0,ACCaa910fb4e2,False
ACC8885c3a1a0,ACC2aa4a5c32c,False
ACC2dd33d925f,ACC1c0b497f5f,False
ACC2dd33d925f,ACC5b04cfdf9c,False
ACCf85e9afed6,ACC3655721ce7,False
ACCf85e9afed6,ACC86dcb3cb0a,False
ACCf85e9afed6,ACC8c54ca83eb,False
ACC30ccb23baf,ACC88b2f9431b,False
ACC30ccb23baf,ACCaca23380ac,False
ACC30ccb23baf,ACC3ac0f51571,False
ACC56ed9842d8,ACCbd111aea62,False
ACC06360a1b1b,ACC45a1dbd0f5,False
ACC06360a1b1b,ACCa58fda4dbf,False
ACC06360a1b1b,ACC419013afd8,False
ACC450f61bf20,ACCe82ac3b8c9,False
ACC075185a103,ACCad776c3c20,False
ACC075185a103,ACC9575fa25c1,False
ACC075185a103,ACC23062c9cce,False
ACC075185a103,ACC8691d8a097,False
ACCf8ce0fa870,ACC1b9c142e72,False
ACCf8ce0fa870,ACC17e84a1819,False
ACCf8ce0fa870,ACC97d1b4695b,False
ACCc4db9a2ddb,ACC8d0a707aee,False
ACCc4db9a2ddb,ACC0428758d80,False
ACCc4db9a2ddb,ACC34c6cdefc6,False
ACCc4db9a2ddb,ACC3b62d34b8e,False
ACCd8cb73420a,ACC437a65ffcc,False
ACCd8cb73420a,ACCb983bc4808,False
ACCd8cb73420a,ACC5afb50e5f9,False
ACCc2f09db36e,ACCeeec10c1d1,False
ACCc2f09db36e,ACCdc50c81a1d,False
ACCc2f09db36e,ACC6228c5f0ce,False
ACCc2f09db36e,ACC4fbc02b468,False
ACCcd04f8677e,ACCf85c7246c6,False
ACCecf82076b9,ACC6332858ea0,False
ACC5f40542913,ACC01d44b723d,False
ACC5f40542913,ACCc1953d97a9,False
ACC5f40542913,ACCa2cfb22773,False
ACC57f78e4410,ACCa3df3f3133,False
ACC962b6e923d,ACC7f193dcdbd,False
ACC962b6e923d,ACC0ed675c479,False
ACC962b6e923d,ACC1df1b3d35f,False
ACC95e3f24721,ACCc85928d6de,False
ACCb8b8e39b93,ACC89394a9de1,False
ACC5696d64721,ACCf1076505d0,False
ACCbe5704d7ac,ACCd36da8ce25,False
ACCbe5704d7ac,ACCd7d60635fd,False
ACC6249a7b499,ACC9abdeed8f3,False
ACC6249a7b499,ACC37f5303deb,False
ACC6249a7b499,ACCbaf842f3bc,False
ACCc72b3da496,ACC7ce2cb35b8,False
ACCc72b3da496,ACC20902fd7cb,False
ACCc72b3da496,ACC729aa4fda6,False
ACCc72b3da496,ACC26c85743ea,False
ACC7943b723fc,ACCcdfaedd10f,False
ACC7943b723fc,ACC1ea1d0b8dc,False
ACC7943b723fc,ACCe2ef095217,False
ACC9a97282720,ACC1e9a448b4d,False
ACC9a97282720,ACCd94d830eb9,False
ACC5033cff1fc,ACC4d1ae911c4,False
ACC5033cff1fc,ACC0c54631eb8,False
ACC5033cff1fc,ACC54dee52df9,False
ACCbeadbc12c2,ACCd0b945a358,False
ACCbeadbc12c2,ACC7bce6b53b2,False
ACCbeadbc12c2,ACCc8f4d59653,False
ACCbeadbc12c2,ACCc962d7cfed,False
ACCbddd6522c3,ACC729ee5c583,False
ACCbb46445b3b,ACC924e9e0bcd,False
ACCbb46445b3b,ACC3094d04b44,False
ACCbb46445b3b,ACC423f721f91,False
ACC52f580d669,ACC69eeb493b0,False
ACC8a30d493e4,ACCdb2a81af36,False
ACC8a30d493e4,ACC591b3d0fbb,False
ACC8a30d493e4,ACC95c8405252,False
ACC8a30d493e4,ACC686249c247,False
ACC66094e165b,ACCdaea479b14,False
ACC66094e165b,ACC4084259080,False
ACCd778c0902a,ACC3968267879,False
ACCd778c0902a,ACCb63793bfc4,False
ACCd778c0902a,ACC592548de8b,False
ACC2584aed510,ACC95c1335162,False
ACC2584aed510,ACCdc8ab1863a,False
ACC701bbc2148,ACC4da60dbae5,False
ACC4e74ca289c,ACC0ecb27fea7,False
ACC91fc64a46d,ACC32cd04a33f,False
ACC91fc64a46d,ACCdc0ab06561,False
ACC91fc64a46d,ACC685658cc84,False
ACC0c99fe8b79,ACC46b9f26342,False
ACC0c99fe8b79,ACCb541455b88,False
ACC0c99fe8b79,ACC4933bef68e,False
ACC0c99fe8b79,ACC5d4ce962bb,False
ACCd64f98ed99,ACCd09f83b3e9,False
ACCd64f98ed99,ACC311bbade0b,False
ACC74ef370fc4,ACCae3ca15c85,False
ACCcceaa35a18,ACCb2ec15e415,False
ACCcceaa35a18,ACCe8f9422ec4,False
ACC9e8d873c33,ACC55fb8b88f8,False
ACCca2384b03e,ACCe816538b7d,False
ACCca2384b03e,ACCe8396b510f,False
ACCca2384b03e,ACC6f17f813b8,False
ACCca2384b03e,ACC9d090dc75d,False
ACC0089f44cde,ACCa499c1a6df,False
ACC0089f44cde,ACCe39e8f60bb,False
ACC0089f44cde,ACC32a5fa89ec,False
ACC5cdcec58b1,ACCeefdc0b0a6,False
ACC5cdcec58b1,ACCc37daff7a6,False
ACC5cdcec58b1,ACC9ea2600b5b,False
ACC89dafb1635,ACC4f9701bcfa,False
ACC89dafb1635,ACC2f3d239234,False
ACCe3a9fdf844,ACCae0fc77d3c,False
ACCe3a9fdf844,ACC872b962c3f,False
ACCe3a9fdf844,ACC93687fb58a,False
ACCd1adada6cb,ACC93bd2d62c7,False
ACCd1adada6cb,ACC29ff9b4883,False
ACCd1adada6cb,ACC38d33dddc1,False
ACCd1adada6cb,ACC94c8180fd5,False
ACC935acb97c0,ACC7caeea35af,False
ACC3e97225b87,ACCc137c30171,False
ACC3e97225b87,ACC5b755ded63,False
ACC7b2bda36ae,ACC6f3d6adf02,False
ACC7b2bda36ae,ACC53d97c0548,False
ACC7674528f5f,ACC4de53fcd34,False
ACC7674528f5f,ACCaea7c539e1,False
ACC7674528f5f,ACC663ad45539,False
ACC3b3ae40aa5,ACCee4138cbec,False
ACC3b3ae40aa5,ACCebbd2f12c5,False
ACC38256a3cde,ACC916ff004f9,False
ACC38256a3cde,ACC5dc7cb42d2,False
ACC6228c5f0ce,ACCd302d34079,False
ACC6228c5f0ce,ACC3572c81a97,False
ACCaa0af460bf,ACCbd1b431dcd,False
ACCaa0af460bf,ACC8adcefcaf6,False
ACCaa0af460bf,ACC13609ea3b0,False
ACCc6be1ee3f1,ACCffed1ff4ea,False
ACCc6be1ee3f1,ACC0c3f8ac59f,False
ACC37b209b5b6,ACC9c154a2f79,False
ACC37b209b5b6,ACC564c208541,False
ACCc780dab0ca,ACC324312c122,False
ACCc780dab0ca,ACC2e8d1b8b72,False
ACCf0789cd633,ACCb1efe59369,False
ACCf0789cd633,ACCf32eb84c6b,False
ACCf0789cd633,ACC1b1b157cca,False
ACCf0789cd633,ACCfc78ada9bd,False
ACCdad7128232,ACC73ca9928b3,False
ACCdad7128232,ACCed41feb29c,False
ACC13a91aeea4,ACCd6b98b13db,False
ACC13a91aeea4,ACCb2a76dfee2,False
ACC13a91aeea4,ACCfa36978318,False
ACCf381bfe7f1,ACC795c18ee5d,False
ACCf381bfe7f1,ACCd8e8fce9a3,False
ACC219d9e2b18,ACC6674bbd75a,False
ACC39a868c39c,ACC78ad9a030c,False
ACC39a868c39c,ACCa66e9e030b,False
ACC39a868c39c,ACCf16bc95512,False
ACC39a868c39c,ACCaef25ca73f,False
ACC2188ce0b82,ACC6bbdbb4d3d,False
ACC2188ce0b82,ACC2ae9fd88d6,False
ACC2188ce0b82,ACC16c53f4724,False
ACC2188ce0b82,ACCdc379479cf,False
ACCcc98b82633,ACCf75498298a,False
ACCcc98b82633,ACC45f1bdc8e2,False
ACC4fb52f5a5a,ACCe3b33cf0dc,False
ACC088faa3ebf,ACC45c46a92ab,False
ACC1818ebbdaf,ACC68847d26e5,False
ACC1818ebbdaf,ACCc78c9482c8,False
ACC1818ebbdaf,ACCf27b28c14d,False
ACC79dd3b07fc,ACC9a4d720e7e,False
ACCc992f21265,ACCe1b0ba7528,False
ACCc992f21265,ACC7b2bda36ae,False
ACCc992f21265,ACCe1b18babc5,False
ACCc992f21265,ACCd895dbfe29,False
ACC9b5974d8aa,ACC504cf8f039,False
ACC9b5974d8aa,ACC784704ca3b,False
ACC9b5974d8aa,ACC9b9bd967f8,False
ACCa011777e0b,ACCf19d0bbedc,False
ACCa011777e0b,ACC9b29b720c0,False
ACCa011777e0b,ACCd8a6cc0227,False
ACCa011777e0b,ACCe643797eec,False
ACCea63870e1c,ACC9414f68a1e,False
ACCea63870e1c,ACC1cfd99cf9a,False
ACCea63870e1c,ACC2dfab36c2b,False
ACC640b79f3be,ACCccd38abcc2,False
ACC640b79f3be,ACC4c71c8105b,False
ACC640b79f3be,ACC0bcb9a8bc6,False
ACC640b79f3be,ACCcc98b82633,False
ACC9cfd7795f8,ACCb54dbf531f,False
ACC9cfd7795f8,ACCd196955491,False
ACCabbf1e18e9,ACC024321df6f,False
ACCabbf1e18e9,ACC1efaf2d939,False
ACC0f4f8e1ecf,ACCe4b0d29c19,False
ACCbc857842f8,ACC4316f50dfb,False
ACCbc857842f8,ACCb4aa47a38d,False
ACCe40bdcfdaf,ACC40633dc7b2,False
ACCe40bdcfdaf,ACCc573242f8c,False
ACCe40bdcfdaf,ACC72b207d644,False
ACC3bffdb50e0,ACC7e09474b11,False
ACC3bffdb50e0,ACC24dfcfcaf7,False
ACC3bffdb50e0,ACC0f1b3c0512,False
ACC3bffdb50e0,ACC20816025c7,False
ACCfe1c820dcc,ACC1a984fc030,False
ACCfe1c820dcc,ACC3b188abbdb,False
ACCfe1c820dcc,ACC97514565a4,False
ACCf765228ab5,ACCc4dd2702d7,False
ACC43eb5c78ce,ACCb5dc77e3ff,False
ACC43eb5c78ce,ACC81a6644440,False
ACC79d8ba95ac,ACCd3b92e71e7,False
ACC4ba9754922,ACC4aba482bb1,False
ACC4ba9754922,ACC76f013960f,False
ACC4ba9754922,ACCe67f297a19,False
ACC4ba9754922,ACC094d08fce2,False
ACC904a942ebe,ACCc374e7f331,False
ACC14f47d6892,ACC19b5efca01,False
ACCdf0d7ef059,ACC29cca1cac4,False
ACCdf0d7ef059,ACC4631e0b28a,False
ACC9ce6f8e5e9,ACCbc857842f8,False
ACC9ce6f8e5e9,ACC79a7ec9305,False
ACC9ce6f8e5e9,ACC0c2a4c175b,False
ACC9ce6f8e5e9,ACCca32f521e5,False
ACC38fb4b9ca9,ACC09993f22f3,False
ACC38fb4b9ca9,ACCf487adfa41,False
ACC38fb4b9ca9,ACC432bac3bd3,False
ACC38fb4b9ca9,ACC7af4c6b2a8,False
ACC72672b1cfa,ACCe24a3771d4,False
ACC72672b1cfa,ACCe73b471b30,False
ACC72672b1cfa,ACC8f3ab68538,False
ACC72672b1cfa,ACC9fdaeddc5f,False
ACC612ec7e98c,ACCd5ab682d04,False
ACC612ec7e98c,ACC6658d45f4a,False
ACC612ec7e98c,ACCeab1d8f934,False
ACC4e4bd7c640,ACC3f17b88bf6,False
ACC4e4bd7c640,ACC756cd2fabb,False
ACCa4254cd03c,ACC9a05c1fd3d,False
ACCa4254cd03c,ACCa9518bd997,False
ACCa4254cd03c,ACC3a29ed2036,False
ACCa4254cd03c,ACCaaecad11b5,False
ACC84486117ac,ACC3e97225b87,False
ACC84486117ac,ACC4c404b16b8,False
ACCdb7737c74e,ACC056390957c,False
ACCdb7737c74e,ACC17341ddad5,False
ACC03c592de08,ACC5cda22dce0,False
ACC7286cf5815,ACC0688ff3bc9,False
ACC7286cf5815,ACC433645fdf3,False
ACC7286cf5815,ACC1a8ea2df28,False
ACCc61032d888,ACC7607112b16,False
ACCc61032d888,ACC4f87274661,False
ACC73cd9c194a,ACC31b1bd1617,False
ACC73cd9c194a,ACCcecf39b235,False
ACC1c01a8c324,ACCf0dfc57672,False
ACC1c01a8c324,ACCb3171991ae,False
ACC1efaf2d939,ACCdd9b714bcc,False
ACC72b207d644,ACC28093290f1,False
ACCb7244c9412,ACCdb463e4479,False
ACC267ac86c1e,ACC1114c565a4,False
ACC267ac86c1e,ACC50031602c1,False
ACC267ac86c1e,ACC0e3836970a,False
ACC267ac86c1e,ACCef52c0da87,False
ACC62c7c7bc68,ACCd7da1502d0,False
ACC525f8c2926,ACC82a80ae1a1,False
ACC525f8c2926,ACCdf101cda0a,False
ACC525f8c2926,ACCa24347c657,False
ACC525f8c2926,ACCbe2ccfd7d0,False
ACCbb4a5e8528,ACCe92520b720,False
ACCaddefe5d21,ACCa3bbf03151,False
ACCaddefe5d21,ACCa319f8ed06,False
ACC56a8c912cc,ACC0c7e3e9953,False
ACC56a8c912cc,ACCf044d9879b,False
ACC56a8c912cc,ACC229c2e419b,False
ACCb27d50c46f,ACC6c77227f13,False
ACCb27d50c46f,ACCb15b13f075,False
ACCb27d50c46f,ACC44dc0e5e2c,False
ACC5142038370,ACC8af406cbed,False
ACC5142038370,ACCa0d5393064,False
ACC0c24e8f6a5,ACCcb21cdeaf4,False
ACC33d2bd013f,ACC94f6f9c0ba,False
ACC33d2bd013f,ACCaf2b702342,False
ACC33d2bd013f,ACCbca9547d7e,False
ACCeae129e62b,ACC350ecdb8ab,False
ACCeae129e62b,ACC02f3da1356,False
ACCeae129e62b,ACC758459d351,False
ACCeae129e62b,ACC895408a489,False
ACC7bd87f7114,ACC0612a53e27,False
ACC7bd87f7114,ACCeb7797125d,False
ACC7bd87f7114,ACC7ff2b1a702,False
ACC7bd87f7114,ACCa2336bda6d,False
ACC9ff9e0abf1,ACC9808696c34,False
ACC9ff9e0abf1,ACC557cc02f79,False
ACC9ff9e0abf1,ACC4dc76d4330,False
ACC9ff9e0abf1,ACCb6d79a1835,False
ACCd5ec648da3,ACCae1f2a7edc,False
ACCd5ec648da3,ACCb924637b69,False
ACCd5ec648da3,ACC76ead50a78,False
ACC3b1ee4b6c6,ACCb9b91d4683,False
ACC3b1ee4b6c6,ACC2fa929678a,False
ACC3b1ee4b6c6,ACC3b86799b0a,False
ACCf7efa8dd34,ACC4ba9754922,False
ACCd69a61c4cc,ACC4b3c37ee34,False
ACCa881e70d2d,ACCfa80fb0b94,False
ACCa881e70d2d,ACC3c930d3e32,False
ACCea7130caf4,ACC2403d6e7b9,False
ACCea7130caf4,ACC0ac9df2cc2,False
ACCea7130caf4,ACC7eafa38ca1,False
ACCf609db13c4,ACC7826c8f2ae,False
ACCf609db13c4,ACCd64f98ed99,False
ACCf609db13c4,ACC9c5f6c55df,False
ACC93008c3859,ACCc0103a79bf,False
ACC93008c3859,ACCe723dfbf3e,False
ACC93008c3859,ACCb765884f23,False
ACCac2124a17f,ACCf700b8650e,False
ACCac2124a17f,ACC12aabac3a3,False
ACCac2124a17f,ACC939485dbb2,False
ACCac2124a17f,ACC08fd148425,False
ACC7315f4a86b,ACC0636c8517a,False
ACC7315f4a86b,ACC3515eee7d3,False
ACC7315f4a86b,ACCa96e2c73f0,False
ACC7315f4a86b,ACC570b40178a,False
ACC5a1425648b,ACCbdd3c36ae9,False
ACC5a1425648b,ACC01036c75b0,False
ACC5a1425648b,ACCbe667a6df0,False
ACC5a1425648b,ACC178d5f6d49,False
ACCa66a603ec5,ACCf74c72aafd,False
ACCb93a71ed8c,ACC8a6c30ef4c,False
ACCb93a71ed8c,ACC9075475f9e,False
ACCb93a71ed8c,ACC657c2d5273,False
ACCb93a71ed8c,ACC9e20356b8b,False
ACCbe667a6df0,ACC871e39c865,False
ACCbe667a6df0,ACC183e3d6090,False
ACCbe667a6df0,ACCb61d14d88a,False
ACCbe667a6df0,ACC52d08444fb,False
ACCa8a9bb8e35,ACC901955114b,False
ACCc0a4808bc4,ACC4b6cce1dce,False
ACCc0a4808bc4,ACC7c619281be,False
ACCc0a4808bc4,ACC76087992ce,False
ACCc0a4808bc4,ACC0b56579d13,False
ACC8ce73925d2,ACCa55e78e2ef,False
ACC62be407e86,ACC1a9c02ba29,False
ACC62be407e86,ACC6ea00e4fa4,False
ACC62be407e86,ACC3fb54e1df5,False
ACC8d1214b4f8,ACC262e389354,False
ACC852a87e7a4,ACC693149f2c9,False
ACCf4e48a1170,ACC4b4459e173,False
ACCf4e48a1170,ACCb9105fa03f,False
ACCf4e48a1170,ACC8958160684,False
ACC8fa0335629,ACC5714a444d4,False
ACC8da6f65e4b,ACC04a02cf577,False
ACC8da6f65e4b,ACC76dbd43f2f,False
ACC8da6f65e4b,ACC0456fc0827,False
ACC927e8a2013,ACCbb1e31a6d1,False
ACC927e8a2013,ACC822fccccc8,False
ACC927e8a2013,ACC050264332d,False
ACCba227734b2,ACC59d2a082d7,False
ACCba227734b2,ACC4b80f71bd6,False
ACCba227734b2,ACCf0f9543dca,False
ACC672b06fc49,ACC50fc7249ae,False
ACC672b06fc49,ACC1e84e3cd0c,False
ACC9c97c7a555,ACC374b16618b,False
ACC8c89fba6e8,ACC39c239fce0,False
ACC8c89fba6e8,ACC2da9655554,False
ACC8c89fba6e8,ACCf25af89b93,False
ACC8c89fba6e8,ACCa385d20e1b,False
ACCe4fcfe74fc,ACC027be49995,False
ACCe4fcfe74fc,ACCf01ae7af54,False
ACCe4fcfe74fc,ACCa9c9a878e4,False
ACCe4fcfe74fc,ACC5639abed0f,False
ACC65e574b4e2,ACC13357d09b4,False
ACC65e574b4e2,ACC51942b13ea,False
ACC53e7de9b74,ACC86629f9232,False
ACCffed1ff4ea,ACC8f7399d00c,False
ACCffed1ff4ea,ACCf4ef674a2a,False
ACC767fc2cffb,ACC74baf4ca82,False
ACC767fc2cffb,ACCe29a1e081b,False
ACC767fc2cffb,ACC81a1eac6f5,False
ACCaa7fceafe4,ACCd121f30fcb,False
ACCaa7fceafe4,ACCe0cfebd758,False
ACCaa7fceafe4,ACC0547388522,False
ACCf6da1d8b17,ACCdf2edcfb3d,False
ACCf6da1d8b17,ACC8638a1b58e,False
ACCf6da1d8b17,ACCcb085446f0,False
ACCe00e95c011,ACC62f26f6ac2,False
ACC910d11f1ef,ACCccb9253596,False
ACCd121f30fcb,ACC494fd28782,False
ACCd121f30fcb,ACC629e012fef,False
ACCd121f30fcb,ACC73def7e08c,False
ACC21cc15ecb3,ACC102b9a17f8,False
ACCb72148725a,ACC9a336e39cd,False
ACCb72148725a,ACC0120086353,False
ACC53c87c9ec3,ACCe0b8588f3e,False
ACC53c87c9ec3,ACC98c930f56c,False
ACC53c87c9ec3,ACCaad23d3083,False
ACC53c87c9ec3,ACC4dcb34a5a8,False
ACC7132a7c1c9,ACC6be8437c36,False
ACC7132a7c1c9,ACC9be9494872,False
ACCa31e4a4fad,ACCace086af22,False
ACCa31e4a4fad,ACC1ee2f7eb94,False
ACCa31e4a4fad,ACC57ba843fc6,False
ACCa31e4a4fad,ACCfdb50fa679,False
ACC3b82417e49,ACCfac2f44d04,False
ACCc099af6a39,ACC60c4fc487c,False
ACCac4918907f,ACCda220d0b05,False
ACCac4918907f,ACCb5c8b8b243,False
ACC09a28fc58e,ACCd57e0122a5,False
ACC2b0f0dd25d,ACCc6ca57511a,False
ACC2b0f0dd25d,ACC443df2a7d1,False
ACC86f370adf2,ACC59010bbec3,False
ACCc7b93bb121,ACC98033bccaf,False
ACCc7b93bb121,ACC40ba4c797d,False
ACC744bcc90bf,ACC6a7d66cd0c,False
ACC744bcc90bf,ACC7c94c4bd57,False
ACC744bcc90bf,ACCe15aac7e5a,False
ACC744bcc90bf,ACCe73e18c813,False
ACC36c1b0fcb3,ACC2c8e9675d7,False
ACC36c1b0fcb3,ACC180ef8bfce,False
ACCeae85b3aa2,ACC41f2656b6c,False
ACCeae85b3aa2,ACCf344dec2e8,False
ACC5714235ccd,ACCede2eb4ec3,False
ACC5714235ccd,ACCd0177ffc07,False
ACC1e0abe2452,ACCea4b72a646,False
ACC1e0abe2452,ACC624657d0b6,False
ACC1475dedde2,ACCb13e271715,False
ACC1475dedde2,ACC22b70e9c1e,False
ACC1570627126,ACC5789549832,False
ACCbd4713cce0,ACC2da8dd41e4,False
ACCbd4713cce0,ACC5082f3e346,False
ACC9fa1b79bcb,ACC2d0a8cd2d1,False
ACC9fa1b79bcb,ACC88ae4fcb7a,False
ACC7eafa38ca1,ACC03d182b81e,False
ACC7eafa38ca1,ACC8d2f11dc67,False
ACCe7c43561ec,ACCf9f4ca0b08,False
ACCe7c43561ec,ACC27f6f36684,False
ACCe7c43561ec,ACCea7130caf4,False
ACCe7c43561ec,ACC3ee86eaba5,False
ACC67ef0f0cb8,ACCef78ee24db,False
ACC67ef0f0cb8,ACC5eb5087ec1,False
ACC67ef0f0cb8,ACC9b9e1c954b,False
ACC7edda93f47,ACC62be407e86,False
ACC7edda93f47,ACCd1b518a92b,False
ACC7edda93f47,ACCb72323877f,False
ACCa7170c09bc,ACC0a54759719,False
ACCa7170c09bc,ACCd0d46203ed,False
ACCa7170c09bc,ACC70c905e98a,False
ACCe783780e86,ACCb59810d74a,False
ACCe783780e86,ACC7da8a60869,False
ACCe783780e86,ACC59b4b3259a,False
ACC92300334d4,ACCc63c9b80d1,False
ACC92300334d4,ACC9510057f9c,False
ACCadb9f96409,ACC227350ba69,False
ACCadb9f96409,ACC044286f8b0,False
ACCadb9f96409,ACC87a8de02ce,False
ACC504abe6c24,ACCc1fa61dd9c,False
ACC504abe6c24,ACC5920eca21b,False
ACC504abe6c24,ACC152bf8dab9,False
ACC504abe6c24,ACCb571376bfa,False
ACCa58fda4dbf,ACC63763eb178,False
ACCa58fda4dbf,ACC6e81a71e46,False
ACCa58fda4dbf,ACC04a8791200,False
ACC3fb9b902a5,ACCeb4eaa19a1,False
ACCd485bbdc0e,ACCd86fecd61f,False
ACCd485bbdc0e,ACC3492a78f12,False
ACC6d29cde8f1,ACC63cd157d4f,False
ACC6d29cde8f1,ACCbcc18f5a66,False
ACC6d29cde8f1,ACCfa3530b146,False
ACC6d29cde8f1,ACC83d799e0d0,False
ACC118ecdfd79,ACC75ef609b39,False
ACC118ecdfd79,ACC31d15c50a3,False
ACC118ecdfd79,ACC318db4db60,False
ACC9c60fb5da4,ACC287cb43db1,False
ACC9c60fb5da4,ACCa423bc64e4,False
ACC9c60fb5da4,ACCe6f97f44d0,False
ACCb49d3085ef,ACC6f8c9c609b,False
ACCb49d3085ef,ACCd6c602136e,False
ACC5b56f040d3,ACCf57afc7622,False
ACC5b56f040d3,ACC4ea686fbff,False
ACC5b56f040d3,ACC660c7cb997,False
ACCd83fcb08b9,ACCac1098da70,False
ACCb388bb00ef,ACCdf0d7ef059,False
ACCb388bb00ef,ACCbce432b079,False
ACC7aacb0409c,ACC6b532114ea,False
ACC7aacb0409c,ACC1b70300d10,False
ACC610b167df2,ACCbb3693a544,False
ACC610b167df2,ACC5bc3f349ce,False
ACC8bbd7ef4e9,ACC95eb7d82e3,False
ACC8bbd7ef4e9,ACC9979e63a8a,False
ACC8bbd7ef4e9,ACC86b8aed634,False
ACC38635d8566,ACC0198db9df1,False
ACC34e93071db,ACCa1f89b0fd1,False
ACC34e93071db,ACC90b3bd9b94,False
ACC88e7f2ed2c,ACC378a59ef28,False
ACC88e7f2ed2c,ACCaa149018ac,False
ACC88e7f2ed2c,ACC07375d36bd,False
ACC88e7f2ed2c,ACCf05e6b1aae,False
ACC684e63ef48,ACC7551bbd65e,False
ACC684e63ef48,ACCbea6ad67f7,False
ACC684e63ef48,ACCf52f8f9556,False
ACC684e63ef48,ACC8ddc0498bc,False
ACC41f2656b6c,ACC25ea2cfbce,False
ACC41f2656b6c,ACCfa31b50967,False
ACC41f2656b6c,ACC49bf363d18,False
ACCcd392db84c,ACC18e9a57619,False
ACCcd392db84c,ACC6af571fec2,False
ACCcd392db84c,ACC5b647a5971,False
ACCcd392db84c,ACCead44c2a71,False
ACCf5cc948752,ACC383cf4c13d,False
ACCf5cc948752,ACC4697450515,False
ACCf5cc948752,ACCe9923e930c,False
ACCf5cc948752,ACCaa17a9decd,False
ACC9bd252a4ff,ACC5cc7b42812,False
ACCea0affcd73,ACCba4953527b,False
ACCea0affcd73,ACCb900a9e599,False
ACCea0affcd73,ACC610bc7c649,False
ACC00b83cadba,ACC2a0bfdc9f6,False
ACC39207d5982,ACCfec9b2d8ad,False
ACC39207d5982,ACC45a3f10247,False
ACC39207d5982,ACC2d9cc59279,False
ACC94d37654c2,ACCf72525e179,False
ACC94d37654c2,ACC5032f92939,False
ACCb59a9017e0,ACC3911a564eb,False
ACCb59a9017e0,ACC2ba1bf50ec,False
ACC9191e54138,ACCf6904b96f4,False
ACC9191e54138,ACC03df081764,False
ACC6be8437c36,ACC2da0b91fa5,False
ACC6be8437c36,ACCb5860d021b,False
ACC6be8437c36,ACC45ad05d221,False
ACC6be8437c36,ACCdcc7e5150e,False
ACCe9f5d88469,ACCf8ebd146b6,False
ACCe9f5d88469,ACCb2d7c19f6f,False
ACC4c4b6eed92,ACC9b5974d8aa,False
ACC4c4b6eed92,ACCa1a073f03b,False
ACC4c4b6eed92,ACCf50971358b,False
ACC4c4b6eed92,ACC1aa2b33b9b,False
ACCb932dc2a3e,ACC948f089168,False
ACC0bc01fd3a7,ACCba35b79416,False
ACC3064c65a92,ACCd59e8c6e27,False
ACC3064c65a92,ACC57cffbdc14,False
ACCc704f24b38,ACC7bade3e3b5,False
ACCc704f24b38,ACC415712b6f8,False
ACC1e141a68d8,ACCc8ffacd1af,False
ACC1e141a68d8,ACC84070ef171,False
ACC1e141a68d8,ACC4d0071a1fc,False
ACC3a9c3685f5,ACC57955a9498,False
ACC3a9c3685f5,ACC58a3b31df1,False
ACC39de3eeef1,ACCb7eb5e6129,False
ACC8e95733c5a,ACC4c3543a186,False
ACC8e95733c5a,ACC53be22b897,False
ACC8e95733c5a,ACC89cea7e92a,False
ACC8e95733c5a,ACCa2faddab22,False
ACC64d8d94a86,ACCfeeea34605,False
ACC64d8d94a86,ACC4d93b7729e,False
ACC64d8d94a86,ACC8f1c10decf,False
ACC64d8d94a86,ACCc9fe7a4931,False
ACCa081249c8b,ACCab7ea16e61,False
ACCa081249c8b,ACC544c4e848a,False
ACCedce1157a3,ACCfc58d391dd,False
ACCedce1157a3,ACCdf1567ec06,False
ACCedce1157a3,ACCbb70ccb66a,False
ACC4e1adcb31c,ACC6053db58f8,False
ACC4e1adcb31c,ACCbeadbc12c2,False
ACC4e1adcb31c,ACC2d8284c33d,False
ACC6ba2a2b99c,ACC63a7089e5e,False
ACCa5f39f02ad,ACCd40d5fffab,False
ACC472ee0652a,ACC49d173aba5,False
ACC472ee0652a,ACCcc0d106577,False
ACC54e5341c81,ACCf0789cd633,False
ACC54e5341c81,ACCfce66b1117,False
ACC54e5341c81,ACC5bf12f2443,False
ACC54e5341c81,ACCf28bb25522,False
ACC34bc5b917e,ACCfdcb28b2ec,False
ACC34bc5b917e,ACCe109f85bef,False
ACC34bc5b917e,ACCff59603417,False
ACC9a0089e84f,ACC3465634f37,False
ACC9a0089e84f,ACCc1d47792dc,False
ACC9a0089e84f,ACC54c2edb4c2,False
ACC9a0089e84f,ACC37044cd4eb,False
ACC948a99aa8e,ACC06c09a76db,False
ACC948a99aa8e,ACC00c6881bde,False
ACCa591fd1088,ACC8b250e4dfd,False
ACCa591fd1088,ACC305ac30b3d,False
ACCa591fd1088,ACC7132a7c1c9,False
ACC69dbb7dfd3,ACC5129a9be54,False
ACC69dbb7dfd3,ACC1a448f3d76,False
ACCdd9a38bf3f,ACCc7c7251801,False
ACC74b8311c32,ACC345570fa90,False
ACC74b8311c32,ACC0309596c75,False
ACC74b8311c32,ACCccbd48e3e4,False
ACC39ef263153,ACCfabec42ff3,False
ACC39ef263153,ACC290488b997,False
ACC447559193c,ACCa6daa57bee,False
ACC447559193c,ACC1d3e1595b2,False
ACC447559193c,ACCc994247d71,False
ACC563da64b96,ACCaed671e5f6,False
ACC563da64b96,ACC44cae757f6,False
ACC8911f0cac5,ACC4f078d27ba,False
ACC8911f0cac5,ACCa36fb9c0b0,False
ACC8911f0cac5,ACCfd2d9cd2a4,False
ACC07866a54f0,ACC67ef0f0cb8,False
ACCcb399ac584,ACCe98a5feb6c,False
ACC3938a5faab,ACCb139e57f86,False
ACC3938a5faab,ACC0d8b91357e,False
ACC78193ad682,ACC352ebbea21,False
ACC78193ad682,ACCf455556a8c,False
ACC78193ad682,ACCf1619352e1,False
ACCcef88723d1,ACC39de3eeef1,False
ACCcef88723d1,ACC3da8cff485,False
ACCcef88723d1,ACC088faa3ebf,False
ACCcef88723d1,ACC7aaa4b700d,False
ACCe09edc6ad6,ACCa4148d5acc,False
ACCe09edc6ad6,ACC4ca0bf437a,False
ACCe09edc6ad6,ACC92e441a1d2,False
ACCbb70ccb66a,ACC849183c087,False
ACCbb70ccb66a,ACCbe5704d7ac,False
ACCb210b876f9,ACC3219c54e9b,False
ACC3bcace6659,ACC1d41d7728d,False
ACC3bcace6659,ACC9229b73218,False
ACC3bcace6659,ACC4cd19dab81,False
ACC3bcace6659,ACCcc21ca36eb,False
ACC9414f68a1e,ACC744bcc90bf,False
ACC9414f68a1e,ACCc5e32a6947,False
ACC7ab4ac2116,ACC98192b221b,False
ACC7ab4ac2116,ACC56a8c912cc,False
ACC7ab4ac2116,ACC6d7a2cc47b,False
ACC7ab4ac2116,ACC4738eb2993,False
ACC87f1c55f63,ACC40a8f4c915,False
ACC87f1c55f63,ACC614c9950fc,False
ACC87f1c55f63,ACC20c4e85ba3,False
ACC805c1071d3,ACC845553928b,False
ACC805c1071d3,ACC8ed37b8be0,False
ACC805c1071d3,ACC06a34435a7,False
ACCe27fd09ee2,ACC0216f3962d,False
ACC36abfc95f2,ACC970f3b6190,False
ACC36abfc95f2,ACC50b17bf798,False
ACC36abfc95f2,ACC500cc26114,False
ACCbf9b28f01d,ACC256c661121,False
ACCbf9b28f01d,ACC2474f0729b,False
ACCfcf0302af5,ACC9a1f42b56a,False
ACC5dcdfbc7b9,ACC920422ec00,False
ACC5dcdfbc7b9,ACC7c6f93c055,False
ACC5dcdfbc7b9,ACC2bc80e118e,False
ACC5dcdfbc7b9,ACCc5de4e9813,False
ACC8958160684,ACC00366e5221,False
ACC8958160684,ACCa0032b89df,False
ACC8958160684,ACC9191e54138,False
ACC8958160684,ACC328dd5ca69,False
ACCddc320b01b,ACCfd4dfe124d,False
ACCddc320b01b,ACC057116c908,False
ACCddc320b01b,ACC74b8311c32,False
ACCddc320b01b,ACC9c1951e28b,False
ACC0f6e197549,ACCe6d86706a1,False
ACC0f6e197549,ACC6c68c2187d,False
ACC0f6e197549,ACCf2151bd929,False
ACC0f6e197549,ACC699ea6f599,False
ACC368cf9400c,ACCfad8ecb4ed,False
ACC368cf9400c,ACC6cb65bfcd9,False
ACCc5f10caa73,ACC8c87f5b0e5,False
ACCc5f10caa73,ACC2fb7618c18,False
ACCf15c988700,ACC60ca287b91,False
ACCf15c988700,ACCa06610db8c,False
ACCb59810d74a,ACCc2cf865887,False
ACC8f3ab68538,ACC56f5d137c0,False
ACC8f3ab68538,ACC61b064fbfd,False
ACC2aed809d63,ACC68083ab633,False
ACCcfa02adae3,ACC481823293e,False
ACCcfa02adae3,ACCd8f47fe2f3,False
ACCcfa02adae3,ACC7868e66aaa,False
ACCcfa02adae3,ACC972b95dcf9,False
ACC18c0ba8964,ACC46725aac68,False
ACC18c0ba8964,ACCd7511010da,False
ACC18c0ba8964,ACC0877bf31f1,False
ACCf730284651,ACC7292f3faec,False
ACCf730284651,ACC328f7d023a,False
ACCf730284651,ACC4c3720e6aa,False
ACCed56af2a7e,ACCca57411a94,False
ACCed56af2a7e,ACC822a6301b8,False
ACCed56af2a7e,ACCb3c1060f39,False
ACC5803599f3e,ACC979669ddab,False
ACC5803599f3e,ACC79599c8baf,False
ACC5803599f3e,ACC3253659ad3,False
ACC1e0223f384,ACC07866a54f0,False
ACC1e0223f384,ACC7558e401df,False
ACC1e0223f384,ACC74e21327dd,False
ACCd0b945a358,ACC69bdd9184c,False
ACCc4a5d7cc7f,ACC10d971e7a7,False
ACCc4a5d7cc7f,ACC349dccac1f,False
ACCc4a5d7cc7f,ACC7a25fe0a4b,False
ACCc4a5d7cc7f,ACC5ea81581fe,False
ACCbf84335fe9,ACC8f02f1aeef,False
ACCbf84335fe9,ACC1102123f99,False
ACCbf84335fe9,ACC14a8efe2e5,False
ACCbf84335fe9,ACCb27d50c46f,False
ACCd4c9500a7d,ACCd439844958,False
ACCd4c9500a7d,ACC301e962988,False
ACCd4c9500a7d,ACC1011d94f3d,False
ACC2c765d28ce,ACCaac901e50a,False
ACC2c765d28ce,ACC64cd23e8b8,False
ACC2c765d28ce,ACC7bd87f7114,False
ACC895cf57791,ACC8b5d60ba9c,False
ACC895cf57791,ACC777015429f,False
ACC895cf57791,ACC35f0b1be52,False
ACC895cf57791,ACCabbd40adc0,False
ACCd3fbf086d7,ACCd3f873531a,False
ACCd3fbf086d7,ACCc407cd9bd6,False
ACC834605d90c,ACC029bd830dc,False
ACC834605d90c,ACCb61aa99e28,False
ACC834605d90c,ACC0150fcb204,False
ACC834605d90c,ACC58dfe227be,False
ACCd499d36fe9,ACC1c83ed29db,False
ACCd499d36fe9,ACC036cd9bb53,False
ACCd499d36fe9,ACC811cf1b523,False
ACCd499d36fe9,ACC0298f95502,False
ACC458c807b19,ACCef57524924,False
ACC458c807b19,ACC0fc7aa7cd7,False
ACC458c807b19,ACC86be9355b2,False
ACC458c807b19,ACC2fd119d675,False
ACC07290a21d6,ACC7507e99996,False
ACCbb14941cd1,ACCbc58b56f45,False
ACCbb14941cd1,ACCd62915d6d0,False
ACCbb14941cd1,ACC4308808565,False
ACCbb14941cd1,ACCccc49c7e84,False
ACCc90c438616,ACC4aaaec3692,False
ACCc90c438616,ACC1ac1c7e817,False
ACCc90c438616,ACC6364607432,False
ACCaa149018ac,ACC29ad9daa17,False
ACCaa149018ac,ACCaf0fbdc8d5,False
ACCaa149018ac,ACCa278126481,False
ACCf24023d8e3,ACC160462634a,False
ACCf24023d8e3,ACCac2124a17f,False
ACCf24023d8e3,ACC521a4a6eaf,False
ACC5eebbea242,ACCfbbc65b664,False
ACC5eebbea242,ACCb0e2375455,False
ACC547c471906,ACCb8e85ee9d8,False
ACCc5e32a6947,ACC3439a3db43,False
ACCc5e32a6947,ACC95ef4c056d,False
ACCc5e32a6947,ACC1dbb7c2cfc,False
ACCc5e32a6947,ACC1bf1867245,False
ACCf3729067da,ACC13f1de721c,False
ACCbfb12073ed,ACC9314fee606,False
ACC76955c52db,ACCb6431b3e09,False
ACC76955c52db,ACC4cca76ff91,False
ACC76955c52db,ACC78634a0083,False
ACC8679dfdb85,ACC4d6c4d05b5,False
ACC8679dfdb85,ACCdbc96982eb,False
ACC8679dfdb85,ACC05cc22267f,False
ACCf0a129ab92,ACCa1b3174ae0,False
ACCf0a129ab92,ACCbd110f7cd1,False
ACCf0a129ab92,ACCabbd540c76,False
ACC189befc97c,ACC0f111f54fd,False
ACC189befc97c,ACCde3d1f4026,False
ACC189befc97c,ACCb1f51477bf,False
ACC5ea2d52883,ACC747a4ef63a,False
ACC5ea2d52883,ACC069a53e01e,False
ACC5ea2d52883,ACC1f159c13ca,False
ACCce48b99485,ACC84204808c9,False
ACCce48b99485,ACCbea3c122ef,False
ACCce48b99485,ACCa04a3e3944,False
ACC8326728496,ACCcb27ba85b5,False
ACC2d76f03909,ACCb13c28a973,False
ACC60ca287b91,ACCa97a5c5800,False
ACCa86b4c5b5e,ACC6efa0b7d84,False
ACC685658cc84,ACC0e8800ae54,False
ACCdc0ab06561,ACCbc4f52b9e5,False
ACCdc0ab06561,ACC2f6d972a7d,False
ACCfb8ecd6d18,ACC2d874014f4,False
ACCfb8ecd6d18,ACCc439b68a23,False
ACCfb8ecd6d18,ACC753db237f3,False
ACCae5c10a56f,ACCdfee9286ca,False
ACCa8ba9fb465,ACCb49d3085ef,False
ACCa8ba9fb465,ACC2ce3685015,False
ACCa8ba9fb465,ACCe9fcef0f58,False
ACCa8ba9fb465,ACCe3a9fdf844,False
ACC1a1670d15d,ACC0a64a9e599,False
ACC2c4d5d99e7,ACCcf6afe0b7f,False
ACC2c4d5d99e7,ACC70350e098d,False
ACC163a440140,ACC4f815d3214,False
ACC044286f8b0,ACC6cb074d25b,False
ACC4738641899,ACCfd9d08ab00,False
ACC4738641899,ACC466c5e2219,False
ACC4738641899,ACCc08992d308,False
ACC4738641899,ACCc2d4906060,False
ACCb13e271715,ACC5f40542913,False
ACCb13e271715,ACCb7244c9412,False
ACCb13e271715,ACC79875602cd,False
ACC3b2c9e9071,ACC208e98b3de,False
ACC3b2c9e9071,ACC7ac759f994,False
ACCe681378810,ACC21d99cddb4,False
ACCee2dc168b9,ACCdd2cc8a324,False
ACCee2dc168b9,ACCfee92a222b,False
ACCee2dc168b9,ACC231609cf56,False
ACC85ba812c91,ACC2afdd14bff,False
ACC85ba812c91,ACC1d0ff95df4,False
ACC85ba812c91,ACCa3bcc62608,False
ACC8dcdd0c5a6,ACCf12085279c,False
ACC8dcdd0c5a6,ACCfe98825397,False
ACC8dcdd0c5a6,ACC8c87fa8c4c,False
ACC7b8beada0a,ACC17d8de9f84,False
ACC7b8beada0a,ACC22d020f514,False
ACC75ef609b39,ACC1655b9eea1,False
ACC75ef609b39,ACC3cbeaffe52,False
ACCdbfdd0493d,ACC0c3a0d6dae,False
ACC2d8284c33d,ACC4e992327a2,False
ACCe632369399,ACCdb62e6edf7,False
ACCe632369399,ACC3decb07ba9,False
ACCe632369399,ACCf29d2797b0,False
ACCe632369399,ACC1a7793d269,False
ACC4b6cce1dce,ACCe3acc21eac,False
ACC4b6cce1dce,ACC01e1ca4722,False
ACC4b6cce1dce,ACC14f1edd4ca,False
ACC4b6cce1dce,ACCc68418c76a,False
ACC1e23e6a428,ACC9daffd1c1c,False
ACC1e23e6a428,ACC04c9dd27b9,False
ACC1e23e6a428,ACC6441089a68,False
ACC1e23e6a428,ACCc62eae7f92,False
ACCd8f919add5,ACCb7a9eb6b4a,False
ACCd8f919add5,ACCb456d697b2,False
ACCd8f919add5,ACCaf93c25074,False
ACCae1f2a7edc,ACC41a7a41b71,False
ACC6eb6545ef0,ACC566562a06f,False
ACC6eb6545ef0,ACC76722f07ff,False
ACC8952911e29,ACC078a21a05c,False
ACC8952911e29,ACCa2e73eccc6,False
ACC8952911e29,ACC240d69a5f0,False
ACCbe22d008ff,ACCf3d5571001,False
ACCbe22d008ff,ACCb59a9017e0,False
ACCbe22d008ff,ACC6ab72e7914,False
ACCbe22d008ff,ACCc09666ab26,False
ACC3fef555323,ACCc2e54f41c8,False
ACC3fef555323,ACCaaa7f80e89,False
ACCc93dcf0936,ACCa1b5d925e5,False
ACCc42552ff1e,ACC9f636f1ae4,False
ACCc42552ff1e,ACCdcd092a66a,False
ACCc42552ff1e,ACCb1ce6871d1,False
ACC5c8bbe5c8c,ACCb2e69b51a9,False
ACC5c8bbe5c8c,ACC0bf6cb8aac,False
ACC0abc95bcb4,ACC1296249c86,False
ACC0abc95bcb4,ACC2b2d5a4757,False
ACCedbc128a23,ACC7b9d01e7f7,False
ACCedbc128a23,ACC7885a14a46,False
ACCedbc128a23,ACC348e872937,False
ACCf7107f1886,ACC21314a1938,False
ACCf7107f1886,ACC83a1c9b2af,False
ACCf7107f1886,ACC7587926908,False
ACC7d59c0bd3a,ACCf4af74d05a,False
ACC98192b221b,ACC32098b3231,False
ACC98192b221b,ACC7f031c628e,False
ACC98192b221b,ACCc37ad8a0af,False
ACC98192b221b,ACC2cd094c694,False
ACC32cd04a33f,ACCa87245fff8,False
ACC32cd04a33f,ACC7201a0e7cd,False
ACC32cd04a33f,ACC78f13fb5ae,False
ACC32cd04a33f,ACC1511f162c5,False
ACC041a5a4989,ACC5618b190aa,False
ACC041a5a4989,ACCf8f7087f4f,False
ACC76f013960f,ACCad79581404,False
ACC76f013960f,ACC1c7f0521ea,False
ACC76f013960f,ACCd1e4f331cb,False
ACCd26f86cede,ACC1841848b08,False
ACCd26f86cede,ACC9b1e0159d1,False
ACCd26f86cede,ACC6cefff7140,False
ACC7c940b6fee,ACC54b65c2c00,False
ACCd8e8fce9a3,ACCfeb4badf80,False
ACCe70fbde942,ACCb53eef221f,False
ACC1a372a8acf,ACC03a8ccc84f,False
ACC1a372a8acf,ACC25f47c290e,False
ACC1a372a8acf,ACC425fec99dc,False
ACC1a372a8acf,ACCe88c309d2c,False
ACC3b43f2158e,ACC47ab2c9b38,False
ACC3b43f2158e,ACCa6ed28c051,False
ACC3b43f2158e,ACCd2f16f561d,False
ACC2fbe6ecb46,ACC7cd674bdee,False
ACC2fbe6ecb46,ACC5c9b2fbe58,False
ACC2bb8e95a0e,ACC6abab719c9,False
ACC2bb8e95a0e,ACC9d9acb21e5,False
ACC44fe6537ae,ACC1accedbd2a,False
ACC44fe6537ae,ACC39dc73872c,False
ACC5664cb25d2,ACCb5fda65fb4,False
ACC5664cb25d2,ACCa1fc0797c8,False
ACCc7afcbee19,ACC3bbe3daa18,False
ACCc7afcbee19,ACC719af3626a,False
ACCc7afcbee19,ACC2dd33d925f,False
ACCc7afcbee19,ACC5385920ce7,False
ACC87812c0921,ACC59861638bf,False
ACCb07e997b10,ACC5ae0bcb700,False
ACCb07e997b10,ACC147c7791b4,False
ACCb07e997b10,ACCf5d830f7b2,False
ACCe5d71ccf0f,ACC5e42eb1ba3,False
ACCc7bcbc3f68,ACC3a5ed06e1d,False
ACCc7bcbc3f68,ACCc5cb477587,False
ACC5a9e9e90a8,ACC475738e73e,False
ACC5a9e9e90a8,ACC135ed56001,False
ACC71e1afb2fd,ACC483f405407,False
ACC71e1afb2fd,ACC1b92c53677,False
ACC71e1afb2fd,ACCdbee8559b8,False
ACC872b962c3f,ACC231ab77a09,False
ACC872b962c3f,ACC72672b1cfa,False
ACC872b962c3f,ACC65a8a77d6d,False
ACC872b962c3f,ACC83715decf5,False
ACCd29ae0ad82,ACC7086a2abd7,False
ACCfdb50fa679,ACC24d875abc8,False
ACCfdb50fa679,ACC84ea89d748,False
ACCfdb50fa679,ACC60895bab73,False
ACCfdb50fa679,ACC4e7afa9c1d,False
ACCf921787087,ACCcce047a21a,False
ACCf921787087,ACC5d04f3b695,False
ACCf921787087,ACC9ed4b083a4,False
ACCf921787087,ACC97f85fd77d,False
ACCf7dfc0197d,ACC87cf57aba9,False
ACCf7dfc0197d,ACC4bb38de80f,False
ACCf7dfc0197d,ACC38635d8566,False
ACC2ac8abe686,ACCe0f8c9168c,False
ACC7efd3e5c98,ACCeb9af6d62c,False
ACC7efd3e5c98,ACCaa51859a84,False
ACC87c8358549,ACC19e6328ea9,False
ACC81952ac244,ACCf1b6b2070d,False
ACC81952ac244,ACCa8b8f2d5bb,False
ACC81952ac244,ACC685a62149d,False
ACC81952ac244,ACCb1cc5836d4,False
ACC529d117509,ACCa5e3c67a61,False
ACC77f7417c16,ACC7866b4a206,False
ACC77f7417c16,ACC79e8bc996a,False
ACC77f7417c16,ACCc63ceb6f2e,False
ACC77f7417c16,ACCfdd236524b,False
ACC12f2f4a124,ACC00ae4756e7,False
ACC327540550c,ACCc4c0285555,False
ACC327540550c,ACC2e974c5571,False
ACCb72323877f,ACC1e222bdd76,False
ACCb72323877f,ACCce80bb741c,False
ACCa1b576fc3e,ACC8722b21242,False
ACCa1b576fc3e,ACC31d2865505,False
ACCf57afc7622,ACC41f2d6468b,False
ACCc00afdc4a5,ACCbf3fae629b,False
ACCc00afdc4a5,ACC63aae534d0,False
ACC9d5a322204,ACCb3a98b2f93,False
ACC9d5a322204,ACCbe843f4045,False
ACC9d5a322204,ACC5b4f00553b,False
ACC9d5a322204,ACC824b298622,False
ACC5a9aa01311,ACC60a1d00ffa,False
ACC689dffc32f,ACC5392311ed2,False
ACC689dffc32f,ACC532a64725a,False
ACC09244c229c,ACC5c13eb3dd1,False
ACC1a4128da42,ACC858294332c,False
ACC1a4128da42,ACC648e037e94,False
ACC1a4128da42,ACCf4df76d20a,False
ACC7ff2b1a702,ACC928acac387,False
ACC7ff2b1a702,ACCd47c06aff3,False
ACC7ff2b1a702,ACC6142c0c00c,False
ACC7ff2b1a702,ACCc6be1ee3f1,False
ACC899981490d,ACC136dc7d620,False
ACC899981490d,ACC190ed31b59,False
ACC899981490d,ACCc2606014a3,False
ACC899981490d,ACCb932dc2a3e,False
ACC490d0b3ac9,ACC6caf0b3dd7,False
ACC490d0b3ac9,ACCa64e575bc5,False
ACC90534ecb8d,ACC03ceb584c7,False
ACC90534ecb8d,ACC27f4840b42,False
ACC4b3c37ee34,ACC8ce73925d2,False
ACC4b3c37ee34,ACCd8b99e16aa,False
ACC4b3c37ee34,ACCc8cacad12e,False
ACC8b0cf27df5,ACC6f46dcac1b,False
ACC8b0cf27df5,ACC73c23333dc,False
ACC8b0cf27df5,ACC713b2f51e1,False
ACCb4f0ad99ba,ACC8618164a71,False
ACCb7c693d58a,ACCef7fd0db41,False
ACCdd86ccabeb,ACCbc640120fd,False
ACCdd86ccabeb,ACC0319c4decb,False
ACCdd86ccabeb,ACC83a8b7161c,False
ACC6f80d41f56,ACC417c1b5a2f,False
ACC6f80d41f56,ACC8b90d400c0,False
ACC6f80d41f56,ACCcef6b495b6,False
ACC6f80d41f56,ACCb3e838dd32,False
ACC904c4fa665,ACC6b7994864f,False
ACC904c4fa665,ACC8e4ed1dd82,False
ACC904c4fa665,ACC81818148d0,False
ACC65a33579be,ACC5a65026cd5,False
ACC65a33579be,ACC4414cf0299,False
ACC65a33579be,ACC9f6d81842e,False
ACCacd07b967b,ACC208f59a8d9,False
ACCacd07b967b,ACCedd068c7be,False
ACC2f124911f1,ACC8ac9e656f4,False
ACCa3df3f3133,ACC277d08e996,False
ACCa3df3f3133,ACCff3489e2bb,False
ACCb994c7c19a,ACCa13d59f52d,False
ACCb994c7c19a,ACCffaae0d570,False
ACC06e0a6e2c8,ACCbbdc8a0536,False
ACC4787cf7bf0,ACCf13abfbf17,False
ACC4787cf7bf0,ACCf10411e4b5,False
ACC4787cf7bf0,ACC5985579a69,False
ACC6da2f6e3c7,ACC164a0e3a96,False
ACC6da2f6e3c7,ACCb3c5fb05c1,False
ACC6da2f6e3c7,ACCa720aeee21,False
ACC686249c247,ACC3bf16da98e,False
ACC686249c247,ACC28db0c9e9b,False
ACC200c3dee64,ACC3a3eb13fd5,False
ACC200c3dee64,ACCecd19f1a34,False
ACCc1fa61dd9c,ACC684e63ef48,False
ACC8adcefcaf6,ACCac4918907f,False
ACCbbdc8a0536,ACCb2550295ad,False
ACCbbdc8a0536,ACC42e41add13,False
ACCbbdc8a0536,ACC21ffa3ce7f,False
ACCbbdc8a0536,ACC647a56bf78,False
ACC4efdb8520b,ACCf732d72285,False
ACC4efdb8520b,ACCf655369bc4,False
ACC4efdb8520b,ACCc4d14f0eac,False
ACC4efdb8520b,ACCf8476d65f6,False
ACCa278126481,ACC73601257ad,False
ACCa278126481,ACCaa562272ff,False
ACCa278126481,ACC4ca22ce6be,False
ACCa278126481,ACCb2624ec6ca,False
ACC1ea7383d4a,ACC6fd85b9008,False
ACC1ea7383d4a,ACC29ca1ccb45,False
ACC1ea7383d4a,ACC9a433f7272,False
ACC1ea7383d4a,ACC153ccbaeba,False
ACCd7511010da,ACCa508722b8b,False
ACCd7511010da,ACC88d30ff65b,False
ACC6e9175ce47,ACC2f4dcfadce,False
ACC6e9175ce47,ACC1b423326a2,False
ACC6e9175ce47,ACCbd8838e688,False
ACC6e9175ce47,ACC01af376d2e,False
ACC8d0a707aee,ACC98b638f622,False
ACC8d0a707aee,ACC93383441c9,False
ACCeb4eaa19a1,ACC200c3dee64,False
ACCa188cdfc62,ACC503ca85cc6,False
ACCa188cdfc62,ACC9ff1b3e7e7,False
ACC3439a3db43,ACC63f65c73ac,False
ACC3439a3db43,ACCe089a72200,False
ACC3439a3db43,ACC709c91215d,False
ACCad679d8f2a,ACC376371fe6d,False
ACCad679d8f2a,ACCb2efdd7449,False
ACCad679d8f2a,ACC0abc95bcb4,False
ACC7c2435bb99,ACC8aad6b47ad,False
ACC7c2435bb99,ACCdf7f5cfd0c,False
ACC7c2435bb99,ACC68dacd318a,False
ACC5e27f88136,ACC592f0acc1c,False
ACC5e27f88136,ACC4d60672aca,False
ACC5e27f88136,ACCe1ead0c1a9,False
ACC812a10e254,ACC7dead38866,False
ACC812a10e254,ACC81793b00f6,False
ACC812a10e254,ACC1851627e2e,False
ACC812a10e254,ACCf486aba5d4,False
ACCc8f1affd80,ACCb035a622a2,False
ACCc8f1affd80,ACCc80f09d194,False
ACCf74c72aafd,ACC70878f005e,False
ACC0ab4b0c1cd,ACCa53f5974bf,False
ACCb90611b42e,ACC372b1ed391,False
ACCb90611b42e,ACCd02c275304,False
ACCb90611b42e,ACC9ef0554884,False
ACC972b95dcf9,ACCdee7804d8c,False
ACC972b95dcf9,ACC2df5630b84,False
ACC972b95dcf9,ACC77d8e625fe,False
ACC972b95dcf9,ACC1329f2ed3a,False
ACCb25aeaa022,ACC8afe9a0377,False
ACCb25aeaa022,ACCe7c43561ec,False
ACCb25aeaa022,ACC8c6917d620,False
ACCb25aeaa022,ACC7aacb0409c,False
ACCe502eab534,ACC527b51be18,False
ACCe502eab534,ACC9fc8361543,False
ACCe502eab534,ACC58f5a5523a,False
ACCab1a9fe45e,ACC5dbfa8c45a,False
ACCab1a9fe45e,ACC233a8c0424,False
ACCe6f97f44d0,ACCdabc164ad5,False
ACC89394a9de1,ACC1d089d7cf9,False
ACC0c3a0d6dae,ACC2e7fad19e7,False
ACC0c3a0d6dae,ACCa9ce4df6c2,False
ACC0c3a0d6dae,ACCf14cf92e61,False
ACC0c3a0d6dae,ACCa227d31211,False
ACCea62c489e6,ACCb481065d2d,False
ACCea62c489e6,ACC812e3fe6ee,False
ACCea62c489e6,ACC227627d4c0,False
ACCea62c489e6,ACCf0066c325e,False
ACC53cb4b451d,ACCe09917830c,False
ACC53cb4b451d,ACC5d403662cd,False
ACC53cb4b451d,ACCc895395dcc,False
ACC4f038e9276,ACC3b52384062,False
ACC4f038e9276,ACC37986ab1b4,False
ACCbc27098326,ACC26d36d6846,False
ACCbc27098326,ACCa40d81fb91,False
ACC83d799e0d0,ACC0c818d835e,False
ACCe16339ef62,ACC109dac99f2,False
ACCe16339ef62,ACC1e7c495c03,False
ACC55c6c74eaf,ACC7010d62714,False
ACC55c6c74eaf,ACC5448de7c33,False
ACC55c6c74eaf,ACCb95a35f183,False
ACCf78be9a9a5,ACCf7877e8bdf,False
ACCf78be9a9a5,ACC275667c030,False
ACCf78be9a9a5,ACCdd9a38bf3f,False
ACC09806d5ed4,ACC71f882b31b,False
ACC09806d5ed4,ACCf730284651,False
ACC25bb06d4ea,ACCbc642a47e6,False
ACC335ac533b7,ACC3a484575d9,False
ACC335ac533b7,ACC34868dfa62,False
ACC335ac533b7,ACCf5e43e9fa6,False
ACC6026fafd4e,ACCa15cbb9a57,False
ACC6026fafd4e,ACC859fb96e22,False
ACC5ffc52176c,ACC3426990b3b,False
ACC5ffc52176c,ACCe80042345b,False
ACC5ffc52176c,ACC3a6e48fb8b,False
ACCd36da8ce25,ACC61c04f90cb,False
ACCdcfe48d66d,ACC715ddb2561,False
ACCdcfe48d66d,ACCe232bb348b,False
ACCdcfe48d66d,ACC394ac77131,False
ACC0b0f75e904,ACC5aa65424f1,False
ACC0b0f75e904,ACC14d1e1b612,False
ACCb04dee1e21,ACCbff69f578c,False
ACCb04dee1e21,ACC6d07c2a9f4,False
ACCb04dee1e21,ACC16df6c5261,False
ACCb04dee1e21,ACC59710a9973,False
ACC61d908f578,ACC6f43ad0aa5,False
ACC46298f2483,ACCb2663e1f8b,False
ACCf6e7013520,ACC15d3263266,False
ACCf6e7013520,ACC5bfe627c0d,False
ACCf6e7013520,ACC40db0fc3a8,False
ACC48e9167ab7,ACC6da2f6e3c7,False
ACC48e9167ab7,ACC9b09aab214,False
ACC48e9167ab7,ACC90fb6e577f,False
ACC48e9167ab7,ACC49bdc459de,False
ACC2a46d7049b,ACC4316d481cd,False
ACC2a46d7049b,ACC678584f2db,False
ACCe4b557669b,ACC75ccc48027,False
ACCf1b6b2070d,ACC7646604c52,False
ACCf1b6b2070d,ACC27f092935c,False
ACC91242d35e5,ACC2e6d0891c4,False
ACC91242d35e5,ACCce0c018ed0,False
ACC5cc7fc7b37,ACCf0e89d2691,False
ACC5cc7fc7b37,ACC639b084d64,False
ACC6ccde74a6c,ACCc34922e7c0,False
ACC3e39910631,ACC3d9b3e259e,False
ACCff3372f1af,ACCf45924e135,False
ACCf8c344639d,ACCa90b6cf08f,False
ACCf8c344639d,ACCa45bc810ba,False
ACCe606263140,ACC094376b465,False
ACCe606263140,ACCf08fcbcf27,False
ACCe606263140,ACC83d500b807,False
ACCe606263140,ACC1239d797e5,False
ACC16e809b209,ACCbfb12073ed,False
ACC16e809b209,ACC927aa4df58,False
ACC16e809b209,ACC81267b5a8d,False
ACC16e809b209,ACC14a16cdde0,False
ACCa5c8262367,ACCb70c685018,False
ACCa5c8262367,ACC3ca6b1b91d,False
ACCa5c8262367,ACC4c4b6eed92,False
ACCa5c8262367,ACC26fbbc456e,False
ACC7158a8ee44,ACC8117360c3f,False
ACC7158a8ee44,ACC82ee6c0e35,False
ACC7158a8ee44,ACC08290c54b9,False
ACC7158a8ee44,ACC91295fdde0,False
ACC53efc930e7,ACC5a77e3b64a,False
ACC53efc930e7,ACC62c7c7bc68,False
ACC0572a480c5,ACC0583b53923,False
ACC0572a480c5,ACC97160cd093,False
ACC0572a480c5,ACCc702b08aa6,False
ACC0572a480c5,ACCeb6799fa83,False
ACC11767b4536,ACCd98688a8c0,False
ACC11767b4536,ACC62bd7bcefc,False
ACC11767b4536,ACCf609db13c4,False
ACC11767b4536,ACC4d5424b8f3,False
ACCbda488b40e,ACC705efc4b8c,False
ACCfd9bf048d9,ACC9db8bd12a6,False
ACC6ab72e7914,ACC21251963d2,False
ACC2727846530,ACC3926981a6d,False
ACC2727846530,ACCea63870e1c,False
ACC2c430d8ed3,ACC29c62ea7ea,False
ACC0cc3d8dc78,ACC534959af47,False
ACC0cc3d8dc78,ACC8430ebe767,False
ACCc46a4df1d6,ACCdb2ee180a8,False
ACCc46a4df1d6,ACCa0e04b9917,False
ACCc46a4df1d6,ACC257e69e4b7,False
ACCc46a4df1d6,ACCc80000e51e,False
ACCd819ed8d72,ACC9e0b7c82d9,False
ACC6e138a07de,ACCb0b757cc3a,False
ACC6e138a07de,ACC2e82aa71b1,False
ACC6e138a07de,ACC16933b4cd4,False
ACC6e138a07de,ACC2773e27b76,False
ACC06c09a76db,ACC42df7d30b4,False
ACC06c09a76db,ACC3992fef3a6,False
ACC06c09a76db,ACC78531fc634,False
ACCae0c4c1126,ACC7d68ba76c3,False
ACC29cca1cac4,ACC2f5f311486,False
ACCba7e05e6ec,ACCb9d56b7852,False
ACCba7e05e6ec,ACC885a6c83c8,False
ACCba7e05e6ec,ACC31285f7562,False
ACCba7e05e6ec,ACC46b595bb3b,False
ACCe52d502b62,ACCf10e154516,False
ACCe52d502b62,ACCca77d22fa8,False
ACCf3a107bf0e,ACC5da0370124,False
ACCf3a107bf0e,ACCecf82076b9,False
ACCf3a107bf0e,ACC87e33b3a63,False
ACCfdbe17870c,ACCea9faaecb9,False
ACCfdbe17870c,ACCfc113258dd,False
ACC34d02a5528,ACC86964b881e,False
ACC5a65026cd5,ACC9d6d231db5,False
ACC959abc2db9,ACC553077632d,False
ACC959abc2db9,ACC8b21267422,False
ACC959abc2db9,ACCb06c9ca303,False
ACC959abc2db9,ACC64022d841e,False
ACCfc311e3f9b,ACCf02895e903,False
ACC5c6c131215,ACC19d1e58198,False
ACC5c6c131215,ACCfed36d796e,False
ACC069a53e01e,ACCa92c4e6de8,False
ACC069a53e01e,ACC11376af0c1,False
ACC069a53e01e,ACC7d89b76ff5,False
ACCfb05131161,ACCabe4017709,False
ACCfb05131161,ACCc9f69595db,False
ACCfb05131161,ACC536ff9d476,False
ACC9f6190f00f,ACC83309e7e0d,False
ACC9f6190f00f,ACCcbb15ae61e,False
ACC9f6190f00f,ACCf559d542d8,False
ACC0de18fc877,ACC75952d32f1,False
ACC0de18fc877,ACC6c6b311f35,False
ACC0de18fc877,ACC70614135a1,False
ACC2c1a06b65a,ACC9332b55c76,False
ACC2c1a06b65a,ACC66eee926ec,False
ACC4f87274661,ACCd2bbc83039,False
ACC4f87274661,ACCd34e5ab1db,False
ACC4f87274661,ACC1903054fd0,False
ACC4f87274661,ACCeda93f16e6,False
ACC82ac3aa588,ACC8707cb6db9,False
ACC82ac3aa588,ACCbbd4925cda,False
ACCb181e59b2b,ACCb6baf71ea8,False
ACCb181e59b2b,ACC68118055ea,False
ACC3f51be6b8e,ACC09386f3569,False
ACC3f51be6b8e,ACC1515ac42f9,False
ACC9c3821ba87,ACC34ddea5616,False
ACC9c3821ba87,ACCfe77c7fc37,False
ACC9c3821ba87,ACC323df81229,False
ACC9c3821ba87,ACCc497f5169d,False
ACCb627a4e232,ACC8d694d24ae,False
ACCfb714517f8,ACCd108939c09,False
ACCfb714517f8,ACCa492142b3c,False
ACCfb714517f8,ACC50e2c4ad12,False
ACCec3fdb0ae2,ACC62ecbeed78,False
ACCec3fdb0ae2,ACC684b255bd5,False
ACCec3fdb0ae2,ACCeee96698fd,False
ACCec3fdb0ae2,ACC024e8f5fff,False
ACCca0083efd8,ACC961c400044,False
ACCca0083efd8,ACC0bd690bec4,False
ACCca0083efd8,ACC6ba2a2b99c,False
ACC87e33b3a63,ACCc2f3e99cd3,False
ACC97b7b2e373,ACCd16f55a3cd,False
ACC97b7b2e373,ACC415f93abb9,False
ACC97b7b2e373,ACCe20d72cf2e,False
ACC97b7b2e373,ACC3e75e7e78f,False
ACC7703493b8e,ACC8966740a80,False
ACC7703493b8e,ACC148bd10f46,False
ACC7703493b8e,ACC9525858a67,False
ACC7703493b8e,ACCcdd2619981,False
ACC45ad89495f,ACC49de732fc3,False
ACC6a7d66cd0c,ACC0b1d95dafe,False
ACC6a7d66cd0c,ACCdbbafcd2d2,False
ACC6a7d66cd0c,ACC243b2b5122,False
ACC5844141c50,ACCee2dc168b9,False
ACCcbe31346d0,ACC0301233f40,False
ACC6e81374ff3,ACC07310370b9,False
ACC6e81374ff3,ACCe8b2ad4196,False
ACC6e81374ff3,ACC6e32a54607,False
ACC6e81374ff3,ACC301ada1ad1,False
ACCe1ffeef5d2,ACC6f72d1980d,False
ACCe1ffeef5d2,ACCcd18b2fd8a,False
ACCe1ffeef5d2,ACC89aa1ab2a2,False
ACCe1ffeef5d2,ACC8c5fd4b332,False
ACC5985579a69,ACCf6e7013520,False
ACCd65f8a38ae,ACCed210b5001,False
ACCd65f8a38ae,ACC7507027c97,False
ACC42a5571124,ACCa12999951b,False
ACC42a5571124,ACC664b5e079b,False
ACC345570fa90,ACCc5e4e914dd,False
ACCe82ac3b8c9,ACCdf5de3d03e,False
ACCe82ac3b8c9,ACC12324feee2,False
ACCe82ac3b8c9,ACCe43773cf66,False
ACCe82ac3b8c9,ACC2e0088baea,False
ACC12aabac3a3,ACC215355c634,False
ACC12aabac3a3,ACCb8aff4bfae,False
ACC12aabac3a3,ACC003df76b84,False
ACC12aabac3a3,ACCb923c5daaf,False
ACC7907e2c5ad,ACC3628f47e04,False
ACC7907e2c5ad,ACC6fe43dbf1c,False
ACC41413abd62,ACCa4c192a9be,False
ACC41413abd62,ACC79814ffe76,False
ACC67567d8d44,ACC5a864b9a65,False
ACC67567d8d44,ACC2307ed16da,False
ACCc2a1d90323,ACCb999beb969,False
ACCc2a1d90323,ACC1356b2f593,False
ACCc2a1d90323,ACC5368c05353,False
ACCc2a1d90323,ACC9d423a4289,False
ACC5ed42c203d,ACCea28a1a601,False
ACC5ed42c203d,ACCebab9ad78c,False
ACC5ed42c203d,ACC7cb5aa0e47,False
ACC802059f3bb,ACC1544be0727,False
ACCd62aba10ce,ACCf5794876ed,False
ACC6a2dafae52,ACC993674cf87,False
ACC6a2dafae52,ACCa58524b193,False
ACC6a2dafae52,ACC5439df5fda,False
ACCf36978f260,ACC2c8ed61b68,False
ACCb24ee47608,ACC2b5137804d,False
ACCb24ee47608,ACCc0a4808bc4,False
ACCb24ee47608,ACCecb9d616af,False
ACC23e0874f93,ACC5a081fac11,False
ACC66b83b98da,ACC4828f1d9ec,False
ACC66b83b98da,ACC617aeb722f,False
ACC66b83b98da,ACCa1bff41727,False
ACC66b83b98da,ACC58aa265415,False
ACC0c2c9a0413,ACC3fb34749af,False
ACC0c2c9a0413,ACC7fd21ea832,False
ACC0c2c9a0413,ACC7d322298cc,False
ACC0c2c9a0413,ACC119e8bf8cf,False
ACC73601257ad,ACC7943b723fc,False
ACC73601257ad,ACC85d8bf896a,False
ACC73601257ad,ACC19b208f0ed,False
ACC73601257ad,ACCb60c8728dc,False
ACCd7bb9e9c6f,ACC08d8e605ae,False
ACCd7bb9e9c6f,ACC313b67501a,False
ACCd7bb9e9c6f,ACC6e8f13a4f8,False
ACC9830771a60,ACCe3b3e6b97f,False
ACC8e4da7f6d5,ACC4408b25e2f,False
ACC8e4da7f6d5,ACC2e2207d141,False
ACC8e4da7f6d5,ACC71dbd7e178,False
ACC1f7cc1d572,ACC6eb6545ef0,False
ACC1f7cc1d572,ACC39c23198bc,False
ACC1f7cc1d572,ACCd26f86cede,False
ACC1f7cc1d572,ACCbbcec87c5a,False
ACCe013123e4b,ACCd202091db8,False
ACCe013123e4b,ACC94ca8baf59,False
ACC24261d44c9,ACCea33b50be3,False
ACCa9c9a878e4,ACC79d8ba95ac,False
ACCe2ffb1cca2,ACCf657d1289c,False
ACCe2ffb1cca2,ACCdfb9372211,False
ACCe2ffb1cca2,ACCcb184e39b5,False
ACC2f3d239234,ACC7b6e5c119b,False
ACC2f3d239234,ACCd601e5b718,False
ACC1de016f82c,ACC729fc22276,False
ACC1de016f82c,ACC415ab6e6b1,False
ACC1de016f82c,ACC1557839620,False
ACC7014fcf856,ACCc3c1c17b36,False
ACC01b3f49d25,ACCb19f49ca7f,False
ACC01b3f49d25,ACC3253aecb18,False
ACC9c6e70fdc4,ACC0605886687,False
ACC9c6e70fdc4,ACCa7ae85c6bd,False
ACC9c6e70fdc4,ACC70386d4cba,False
ACC9c6e70fdc4,ACCfc311e3f9b,False
ACCf73883eb48,ACC833fc06b3a,False
ACCf73883eb48,ACC9f8fd0e79e,False
ACCf73883eb48,ACCe861c72c4d,False
ACC0841dfbf3b,ACCb321742f36,False
ACC0841dfbf3b,ACC524ad597b3,False
ACC0841dfbf3b,ACCb21cc9f461,False
ACC0841dfbf3b,ACC61ec036929,False
ACCa68408e7f3,ACCcd3aacb8b0,False
ACCa68408e7f3,ACC01b3f49d25,False
ACCe1d79ecc93,ACC8b91c8e9db,False
ACCe1d79ecc93,ACC75bfa35e94,False
ACCe1d79ecc93,ACC450ce7f74b,False
ACCe1d79ecc93,ACCa3ff2a62f2,False
ACC8e38140246,ACCff59cc229a,False
ACCc497f5169d,ACC78e505e09d,False
ACCc497f5169d,ACC2f5231604e,False
ACCc497f5169d,ACC4e8850bbf9,False
ACCc497f5169d,ACCc24d6af7d3,False
ACCeccb594b41,ACC2fbdd14de2,False
ACCeccb594b41,ACC0fbda7d040,False
ACC68727a06b3,ACC1bb2fdea64,False
ACC68727a06b3,ACCec13947bf9,False
ACC68727a06b3,ACC1ce7699940,False
ACC68727a06b3,ACC8b4ba581d8,False
ACC12c1165b2e,ACC82529792c3,False
ACC12c1165b2e,ACC86f370adf2,False
ACC6441089a68,ACC5fbb1f36d6,False
ACC6441089a68,ACC93d72863ea,False
ACCf24ee380e7,ACC6481f08b22,False
ACCf24ee380e7,ACCf8c344639d,False
ACCf24ee380e7,ACC24068b77ee,False
ACC81a4729ba7,ACC00976a96f9,False
ACC81a4729ba7,ACC76d405e017,False
ACCa8cfba4a91,ACCf7b196fb42,False
ACCdac5bfc8e2,ACC9d18913153,False
ACCf97d5cfced,ACC0b6519928c,False
ACCf97d5cfced,ACC0cc8f53c86,False
ACCf97d5cfced,ACC7cdcef10ad,False
ACCff36d54a34,ACC52374f9b7c,False
ACCff36d54a34,ACC620a9cc9b9,False
ACCec13956a3e,ACCcc6c43badb,False
ACCf39b38a30e,ACC355618dec0,False
ACCf39b38a30e,ACC5cc7fc7b37,False
ACCac80fc1fc1,ACC283f59a84c,False
ACCac80fc1fc1,ACC1b8d7c20be,False
ACCac80fc1fc1,ACC2aed809d63,False
ACC1647356107,ACCb4598ab59e,False
ACC1647356107,ACCc93dcf0936,False
ACC3c2efc80f4,ACC82673e3d55,False
ACC3c2efc80f4,ACC343caaa55f,False
ACCeaff1e2a3d,ACCd32213c769,False
ACCeaff1e2a3d,ACCd35b883c31,False
ACCeaff1e2a3d,ACCaa0b66872b,False
ACCeaff1e2a3d,ACC6391be09c8,False
ACCd63411b780,ACCb2488b48e8,False
ACC4534776038,ACCffd283a665,False
ACC1268ff5fbc,ACCb20db83279,False
ACC1268ff5fbc,ACCdd43b56eb7,False
ACC1268ff5fbc,ACCe5331a7ab2,False
ACCb53eef221f,ACCb67931401d,False
ACCb53eef221f,ACC899981490d,False
ACC705efc4b8c,ACCbc70671311,False
ACC705efc4b8c,ACCd1e2f1a081,False
ACC947aeb05ba,ACC0454c4e226,False
ACC7c5d0c9fcf,ACCaf53116afe,False
ACC7c5d0c9fcf,ACC1b9c8e758d,False
ACCd09264d126,ACC72667d0287,False
ACCcb21cdeaf4,ACCbdb09d3a26,False
ACCe66722f316,ACCf334afb9bb,False
ACCe66722f316,ACCa0df80b466,False
ACCe66722f316,ACC58a8dfaf2c,False
ACCe66722f316,ACC156afd2a62,False
ACCef14366b25,ACCfdfb604c6b,False
ACCbd2aa31658,ACC67a565eba5,False
ACCbd2aa31658,ACC80268b40b5,False
ACCbd2aa31658,ACC4cefe2c928,False
ACCbd2aa31658,ACCcdb431dd24,False
ACCbd110f7cd1,ACC44fe6537ae,False
ACCbd110f7cd1,ACCc7b0b580a7,False
